model,variable,subregion,scenario,window,year_start,year_end,n_obs,mk_orig_tau,mk_orig_p,mk_hr_tau,mk_hr_p,mk_yw_tau,mk_yw_p,sen_slope_per_year,sen_slope_per_decade,sen_slope_lo95_per_decade,sen_slope_hi95_per_decade,intercept,lag1_autocorr,significant_005
ACCESS-CM2,hurs,Central Amazonia,historical,historical_1950_2014,1950,2014,65,-0.048077,0.575154,-0.048077,0.575154,-0.048077,0.037977,-0.004601,-0.046013,-6.34867,6.203383,0.359443,-0.047778,False
ACCESS-CM2,hurs,Central Amazonia,ssp126,projected_2015_2100,2015,2100,86,-0.164432,0.025227,-0.164432,0.025227,-0.164432,0.000156,-0.013432,-0.134316,-5.1513,4.777979,-2.446258,0.17508,True
ACCESS-CM2,hurs,Central Amazonia,ssp245,projected_2015_2100,2015,2100,86,-0.584679,0.0,-0.584679,0.0,-0.584679,0.0,-0.05157,-0.515698,-5.106552,4.2707,-0.939883,0.600218,True
ACCESS-CM2,hurs,Central Amazonia,ssp370,projected_2015_2100,2015,2100,86,-0.711628,0.0,-0.711628,0.0,-0.711628,0.0,-0.0771,-0.771,-5.333062,3.767017,-0.4276,0.811694,True
ACCESS-CM2,hurs,Central Amazonia,ssp585,projected_2015_2100,2015,2100,86,-0.775103,0.0,-0.775103,0.0,-0.775103,0.0,-0.115241,-1.152415,-5.144765,3.07921,0.004362,0.881922,True
ACCESS-CM2,hurs,Central Amazonia,ssp126,full_1950_2100,1950,2100,151,-0.51011,0.0,-0.51011,0.0,-0.51011,0.0,-0.029973,-0.29973,-3.270817,2.670469,0.529771,0.627714,True
ACCESS-CM2,hurs,Central Amazonia,ssp245,full_1950_2100,1950,2100,151,-0.640088,0.0,-0.640088,0.0,-0.640088,0.0,-0.041868,-0.418685,-3.43788,2.686703,1.462335,0.743216,True
ACCESS-CM2,hurs,Central Amazonia,ssp370,full_1950_2100,1950,2100,151,-0.68,0.0,-0.68,4e-06,-0.68,0.0,-0.053508,-0.535082,-3.353485,2.527289,2.225018,0.842011,True
ACCESS-CM2,hurs,Central Amazonia,ssp585,full_1950_2100,1950,2100,151,-0.720088,0.0,-0.720088,6.6e-05,-0.720088,0.0,-0.073221,-0.732214,-3.458387,2.221114,3.564707,0.906501,True
ACCESS-CM2,hurs,Northern Tropics,historical,historical_1950_2014,1950,2014,65,-0.225962,0.007926,-0.225962,0.045646,-0.225962,2.4e-05,-0.020144,-0.201439,-5.40123,5.152766,0.674105,0.384316,True
ACCESS-CM2,hurs,Northern Tropics,ssp126,projected_2015_2100,2015,2100,86,0.048427,0.511533,0.048427,0.042762,0.048427,0.062453,0.00382,0.038203,-5.76734,5.25876,-1.197864,0.341404,True
ACCESS-CM2,hurs,Northern Tropics,ssp245,projected_2015_2100,2015,2100,86,-0.263475,0.000333,-0.263475,0.003178,-0.263475,0.0,-0.017758,-0.177579,-4.413565,4.16809,-0.905589,0.400488,True
ACCESS-CM2,hurs,Northern Tropics,ssp370,projected_2015_2100,2015,2100,86,-0.629001,0.0,-0.629001,0.0,-0.629001,0.0,-0.061226,-0.612258,-4.623843,3.499783,0.155247,0.774814,True
ACCESS-CM2,hurs,Northern Tropics,ssp585,projected_2015_2100,2015,2100,86,-0.731874,0.0,-0.731874,0.0,-0.731874,0.0,-0.074046,-0.740458,-4.3514,2.908566,-0.525002,0.836115,True
ACCESS-CM2,hurs,Northern Tropics,ssp126,full_1950_2100,1950,2100,151,-0.242737,1e-05,-0.242737,0.00064,-0.242737,0.0,-0.010494,-0.104937,-3.103404,2.726483,0.334231,0.454515,True
ACCESS-CM2,hurs,Northern Tropics,ssp245,full_1950_2100,1950,2100,151,-0.485386,0.0,-0.485386,0.0,-0.485386,0.0,-0.021596,-0.215959,-2.924809,2.505925,0.574396,0.613665,True
ACCESS-CM2,hurs,Northern Tropics,ssp370,full_1950_2100,1950,2100,151,-0.609713,0.0,-0.609713,0.0,-0.609713,0.0,-0.036574,-0.365736,-3.0341,2.133978,1.712017,0.808806,True
ACCESS-CM2,hurs,Northern Tropics,ssp585,full_1950_2100,1950,2100,151,-0.709845,0.0,-0.709845,0.0,-0.709845,0.0,-0.050242,-0.502416,-2.84272,2.006717,2.27342,0.884119,True
ACCESS-CM2,hurs,South America (continental),historical,historical_1950_2014,1950,2014,65,-0.134615,0.114215,-0.134615,0.070309,-0.134615,0.002056,-0.006444,-0.064442,-3.55631,2.99695,0.073213,0.097033,False
ACCESS-CM2,hurs,South America (continental),ssp126,projected_2015_2100,2015,2100,86,-0.105335,0.152069,-0.105335,0.231834,-0.105335,0.009551,-0.003709,-0.037086,-2.62876,2.586575,-1.155186,0.266915,False
ACCESS-CM2,hurs,South America (continental),ssp245,projected_2015_2100,2015,2100,86,-0.575923,0.0,-0.575923,0.0,-0.575923,0.0,-0.030425,-0.30425,-2.935717,2.41586,-0.483838,0.632331,True
ACCESS-CM2,hurs,South America (continental),ssp370,projected_2015_2100,2015,2100,86,-0.755404,0.0,-0.755404,0.0,-0.755404,0.0,-0.0444,-0.444,-2.668283,1.5677,-0.2895,0.857509,True
ACCESS-CM2,hurs,South America (continental),ssp585,projected_2015_2100,2015,2100,86,-0.739535,0.0,-0.739535,0.0,-0.739535,0.0,-0.063462,-0.634615,-3.299283,2.22715,-0.278685,0.870157,True
ACCESS-CM2,hurs,South America (continental),ssp126,full_1950_2100,1950,2100,151,-0.482561,0.0,-0.482561,0.0,-0.482561,0.0,-0.014083,-0.140833,-1.648763,1.51513,0.18595,0.6103,True
ACCESS-CM2,hurs,South America (continental),ssp245,full_1950_2100,1950,2100,151,-0.628521,0.0,-0.628521,0.0,-0.628521,0.0,-0.022869,-0.228694,-1.8559,1.461962,0.954204,0.756105,True
ACCESS-CM2,hurs,South America (continental),ssp370,full_1950_2100,1950,2100,151,-0.708962,0.0,-0.708962,0.0,-0.708962,0.0,-0.030732,-0.307323,-1.76005,1.161266,1.365823,0.874914,True
ACCESS-CM2,hurs,South America (continental),ssp585,full_1950_2100,1950,2100,151,-0.72468,0.0,-0.72468,2.3e-05,-0.72468,0.0,-0.04221,-0.422099,-2.176725,1.306236,2.175839,0.909538,True
ACCESS-CM2,hurs,Southern Cone,historical,historical_1950_2014,1950,2014,65,-0.081731,0.338681,-0.081731,0.401614,-0.081731,0.020394,-0.008751,-0.087514,-7.728512,7.502837,0.147444,0.379897,False
ACCESS-CM2,hurs,Southern Cone,ssp126,projected_2015_2100,2015,2100,86,0.071956,0.32846,0.071956,0.32846,0.071956,0.039774,0.006518,0.065182,-5.765633,6.157837,-0.206123,0.172545,False
ACCESS-CM2,hurs,Southern Cone,ssp245,projected_2015_2100,2015,2100,86,-0.134884,0.066493,-0.134884,0.086734,-0.134884,0.0,-0.013104,-0.131037,-5.371571,5.546541,0.426907,0.092992,False
ACCESS-CM2,hurs,Southern Cone,ssp370,projected_2015_2100,2015,2100,86,0.045691,0.535815,0.045691,0.535815,0.045691,0.304257,0.003982,0.039816,-5.93655,5.880867,-0.664969,0.268725,False
ACCESS-CM2,hurs,Southern Cone,ssp585,projected_2015_2100,2015,2100,86,-0.032011,0.66526,-0.032011,0.635103,-0.032011,0.265903,-0.003486,-0.034864,-5.95275,6.414819,-0.10823,0.134785,False
ACCESS-CM2,hurs,Southern Cone,ssp126,full_1950_2100,1950,2100,151,0.039205,0.476,0.039205,0.464021,0.039205,0.084844,0.001936,0.019356,-3.494062,3.670373,-0.124273,0.26249,False
ACCESS-CM2,hurs,Southern Cone,ssp245,full_1950_2100,1950,2100,151,-0.076733,0.162553,-0.076733,0.266201,-0.076733,0.000265,-0.003908,-0.039078,-3.527915,3.441875,0.160484,0.214814,False
ACCESS-CM2,hurs,Southern Cone,ssp370,full_1950_2100,1950,2100,151,-0.068433,0.213022,-0.068433,0.289996,-0.068433,0.021308,-0.003343,-0.033429,-3.643609,3.637371,-0.092786,0.326213,False
ACCESS-CM2,hurs,Southern Cone,ssp585,full_1950_2100,1950,2100,151,-0.089448,0.103478,-0.089448,0.07635,-0.089448,0.0,-0.004487,-0.044873,-3.80002,3.82875,0.113947,0.243646,False
ACCESS-CM2,hurs,Subtropical Andes,historical,historical_1950_2014,1950,2014,65,0.046154,0.590693,0.046154,0.51005,0.046154,0.074707,0.003192,0.031918,-6.698681,6.325512,-0.198237,-0.016801,False
ACCESS-CM2,hurs,Subtropical Andes,ssp126,projected_2015_2100,2015,2100,86,-0.201642,0.006048,-0.201642,0.018497,-0.201642,0.0,-0.011882,-0.118824,-4.533092,4.067663,-1.21705,0.197882,True
ACCESS-CM2,hurs,Subtropical Andes,ssp245,projected_2015_2100,2015,2100,86,-0.488372,0.0,-0.488372,0.0,-0.488372,0.0,-0.034897,-0.348968,-4.40662,3.848225,-0.391487,0.400949,True
ACCESS-CM2,hurs,Subtropical Andes,ssp370,projected_2015_2100,2015,2100,86,-0.50725,0.0,-0.50725,0.0,-0.50725,0.0,-0.041392,-0.413918,-4.833063,4.073917,-0.518347,0.509171,True
ACCESS-CM2,hurs,Subtropical Andes,ssp585,projected_2015_2100,2015,2100,86,-0.61751,0.0,-0.61751,0.0,-0.61751,0.0,-0.067489,-0.674895,-5.533093,4.419354,-0.118347,0.679274,True
ACCESS-CM2,hurs,Subtropical Andes,ssp126,full_1950_2100,1950,2100,151,-0.405033,0.0,-0.405033,0.0,-0.405033,0.0,-0.017633,-0.176327,-2.93935,2.62175,0.274455,0.409377,True
ACCESS-CM2,hurs,Subtropical Andes,ssp245,full_1950_2100,1950,2100,151,-0.485563,0.0,-0.485563,0.0,-0.485563,0.0,-0.023872,-0.238724,-2.952133,2.560467,0.803727,0.498795,True
ACCESS-CM2,hurs,Subtropical Andes,ssp370,full_1950_2100,1950,2100,151,-0.52521,0.0,-0.52521,0.0,-0.52521,0.0,-0.027952,-0.279519,-2.970956,2.505237,0.846292,0.592666,True
ACCESS-CM2,hurs,Subtropical Andes,ssp585,full_1950_2100,1950,2100,151,-0.580574,0.0,-0.580574,9e-06,-0.580574,0.0,-0.042061,-0.420613,-3.434711,2.662492,2.034097,0.742363,True
ACCESS-CM2,tas,Central Amazonia,historical,historical_1950_2014,1950,2014,65,0.360577,2.2e-05,0.360577,0.000575,0.360577,0.0,0.013302,0.133016,-2.07375,2.400069,-0.511251,0.437461,True
ACCESS-CM2,tas,Central Amazonia,ssp126,projected_2015_2100,2015,2100,86,0.446238,0.0,0.446238,0.0,0.446238,0.0,0.015387,0.153867,-1.476237,1.956513,1.604067,0.547613,True
ACCESS-CM2,tas,Central Amazonia,ssp245,projected_2015_2100,2015,2100,86,0.722572,0.0,0.722572,0.0,0.722572,0.0,0.03915,0.3915,-1.299825,2.2903,1.164525,0.829411,True
ACCESS-CM2,tas,Central Amazonia,ssp370,projected_2015_2100,2015,2100,86,0.830917,0.0,0.830917,0.0,0.830917,0.0,0.064041,0.64041,-1.417262,2.553833,0.517258,0.922682,True
ACCESS-CM2,tas,Central Amazonia,ssp585,projected_2015_2100,2015,2100,86,0.872503,0.0,0.872503,0.0,0.872503,0.0,0.088198,0.881977,-1.002445,2.64305,0.053149,0.958468,True
ACCESS-CM2,tas,Central Amazonia,ssp126,full_1950_2100,1950,2100,151,0.69819,0.0,0.69819,0.0,0.69819,0.0,0.025871,0.258709,-0.881283,1.29188,-0.472018,0.899675,True
ACCESS-CM2,tas,Central Amazonia,ssp245,full_1950_2100,1950,2100,151,0.787373,0.0,0.787373,0.0,0.787373,0.0,0.035418,0.354184,-0.77098,1.424929,-1.425282,0.933306,True
ACCESS-CM2,tas,Central Amazonia,ssp370,full_1950_2100,1950,2100,151,0.822605,0.0,0.822605,5e-06,0.822605,0.0,0.046395,0.463947,-0.74745,1.64852,-2.134405,0.959592,True
ACCESS-CM2,tas,Central Amazonia,ssp585,full_1950_2100,1950,2100,151,0.836468,0.0,0.836468,7.6e-05,0.836468,0.0,0.056397,0.563973,-0.631917,1.815382,-2.767897,0.974089,True
ACCESS-CM2,tas,Northern Tropics,historical,historical_1950_2014,1950,2014,65,0.405769,2e-06,0.405769,9.4e-05,0.405769,0.0,0.014983,0.149827,-1.732272,2.339421,-0.552247,0.454981,True
ACCESS-CM2,tas,Northern Tropics,ssp126,projected_2015_2100,2015,2100,86,0.40684,0.0,0.40684,1e-06,0.40684,0.0,0.012871,0.128709,-1.423068,1.947314,1.648287,0.523005,True
ACCESS-CM2,tas,Northern Tropics,ssp245,projected_2015_2100,2015,2100,86,0.726402,0.0,0.726402,0.0,0.726402,0.0,0.034819,0.348191,-1.178033,1.934354,1.149936,0.827641,True
ACCESS-CM2,tas,Northern Tropics,ssp370,projected_2015_2100,2015,2100,86,0.840219,0.0,0.840219,0.0,0.840219,0.0,0.057296,0.572959,-1.30365,2.269813,0.545622,0.920109,True
ACCESS-CM2,tas,Northern Tropics,ssp585,projected_2015_2100,2015,2100,86,0.873598,0.0,0.873598,0.0,0.873598,0.0,0.076176,0.761763,-0.808155,2.346683,0.309957,0.960009,True
ACCESS-CM2,tas,Northern Tropics,ssp126,full_1950_2100,1950,2100,151,0.694834,0.0,0.694834,0.0,0.694834,0.0,0.024833,0.248329,-0.86336,1.269122,-0.441066,0.899552,True
ACCESS-CM2,tas,Northern Tropics,ssp245,full_1950_2100,1950,2100,151,0.794614,0.0,0.794614,0.0,0.794614,0.0,0.032575,0.32575,-0.75,1.272037,-1.242625,0.931328,True
ACCESS-CM2,tas,Northern Tropics,ssp370,full_1950_2100,1950,2100,151,0.834525,0.0,0.834525,1e-06,0.834525,0.0,0.043853,0.438529,-0.705133,1.49026,-1.841771,0.958985,True
ACCESS-CM2,tas,Northern Tropics,ssp585,full_1950_2100,1950,2100,151,0.845121,0.0,0.845121,4.3e-05,0.845121,0.0,0.051644,0.516436,-0.603246,1.59215,-2.531969,0.973904,True
ACCESS-CM2,tas,South America (continental),historical,historical_1950_2014,1950,2014,65,0.474038,0.0,0.474038,1.3e-05,0.474038,0.0,0.012152,0.121519,-1.350456,1.588062,-0.456962,0.567918,True
ACCESS-CM2,tas,South America (continental),ssp126,projected_2015_2100,2015,2100,86,0.52777,0.0,0.52777,0.000685,0.52777,0.0,0.013771,0.137714,-0.98182,1.245558,1.437814,0.743918,True
ACCESS-CM2,tas,South America (continental),ssp245,projected_2015_2100,2015,2100,86,0.816689,0.0,0.816689,0.0,0.816689,0.0,0.032775,0.32775,-0.6363,1.303394,0.928563,0.923283,True
ACCESS-CM2,tas,South America (continental),ssp370,projected_2015_2100,2015,2100,86,0.887825,0.0,0.887825,0.0,0.887825,0.0,0.05405,0.5405,-0.631555,1.56965,0.367225,0.964427,True
ACCESS-CM2,tas,South America (continental),ssp585,projected_2015_2100,2015,2100,86,0.917373,0.0,0.917373,0.0,0.917373,0.0,0.073045,0.730448,-0.294044,1.700288,0.175595,0.982251,True
ACCESS-CM2,tas,South America (continental),ssp126,full_1950_2100,1950,2100,151,0.749404,0.0,0.749404,0.0,0.749404,0.0,0.022423,0.224231,-0.547733,0.914738,-0.507036,0.946176,True
ACCESS-CM2,tas,South America (continental),ssp245,full_1950_2100,1950,2100,151,0.842119,0.0,0.842119,0.0,0.842119,0.0,0.030083,0.300827,-0.387493,0.917425,-1.219402,0.967327,True
ACCESS-CM2,tas,South America (continental),ssp370,full_1950_2100,1950,2100,151,0.86543,0.0,0.86543,1.1e-05,0.86543,0.0,0.040537,0.405369,-0.385666,1.1049,-1.801069,0.980555,True
ACCESS-CM2,tas,South America (continental),ssp585,full_1950_2100,1950,2100,151,0.87585,0.0,0.87585,8e-05,0.87585,0.0,0.04721,0.472098,-0.319882,1.251,-2.328637,0.987516,True
ACCESS-CM2,tas,Southern Cone,historical,historical_1950_2014,1950,2014,65,0.344231,5.2e-05,0.344231,5.2e-05,0.344231,0.0,0.007557,0.075568,-1.354533,1.466912,-0.269117,0.273975,True
ACCESS-CM2,tas,Southern Cone,ssp126,projected_2015_2100,2015,2100,86,0.517373,0.0,0.517373,0.0,0.517373,0.0,0.01223,0.122295,-1.02408,1.190033,0.850594,0.652961,True
ACCESS-CM2,tas,Southern Cone,ssp245,projected_2015_2100,2015,2100,86,0.726949,0.0,0.726949,0.0,0.726949,0.0,0.022185,0.221854,-0.9277,1.2886,0.62932,0.828095,True
ACCESS-CM2,tas,Southern Cone,ssp370,projected_2015_2100,2015,2100,86,0.844049,0.0,0.844049,0.0,0.844049,0.0,0.039196,0.391957,-0.732579,1.55595,0.257385,0.9303,True
ACCESS-CM2,tas,Southern Cone,ssp585,projected_2015_2100,2015,2100,86,0.853899,0.0,0.853899,0.0,0.853899,0.0,0.050461,0.504607,-0.710342,1.789046,-0.07628,0.945734,True
ACCESS-CM2,tas,Southern Cone,ssp126,full_1950_2100,1950,2100,151,0.720088,0.0,0.720088,0.0,0.720088,0.0,0.016,0.16,-0.581813,0.855987,-0.5195,0.891586,True
ACCESS-CM2,tas,Southern Cone,ssp245,full_1950_2100,1950,2100,151,0.786313,0.0,0.786313,0.0,0.786313,0.0,0.01977,0.197697,-0.521536,0.85939,-0.806527,0.922083,True
ACCESS-CM2,tas,Southern Cone,ssp370,full_1950_2100,1950,2100,151,0.817219,0.0,0.817219,1.3e-05,0.817219,0.0,0.029302,0.293021,-0.470312,1.00572,-1.22826,0.959946,True
ACCESS-CM2,tas,Southern Cone,ssp585,full_1950_2100,1950,2100,151,0.824812,0.0,0.824812,5.3e-05,0.824812,0.0,0.031244,0.312438,-0.438237,1.13272,-1.625287,0.964181,True
ACCESS-CM2,tas,Subtropical Andes,historical,historical_1950_2014,1950,2014,65,0.418269,1e-06,0.418269,0.000496,0.418269,1e-06,0.012173,0.121726,-1.331287,1.60175,-0.411224,0.60145,True
ACCESS-CM2,tas,Subtropical Andes,ssp126,projected_2015_2100,2015,2100,86,0.506156,0.0,0.506156,4e-06,0.506156,0.0,0.015597,0.155971,-1.301506,1.616167,1.376073,0.626937,True
ACCESS-CM2,tas,Subtropical Andes,ssp245,projected_2015_2100,2015,2100,86,0.788782,0.0,0.788782,0.0,0.788782,0.0,0.033829,0.338292,-0.806494,1.463075,0.98851,0.914899,True
ACCESS-CM2,tas,Subtropical Andes,ssp370,projected_2015_2100,2015,2100,86,0.86922,0.0,0.86922,0.0,0.86922,0.0,0.053492,0.534917,-0.80642,1.8452,0.522304,0.955423,True
ACCESS-CM2,tas,Subtropical Andes,ssp585,projected_2015_2100,2015,2100,86,0.890561,0.0,0.890561,0.0,0.890561,0.0,0.076364,0.763638,-0.492621,1.93205,0.195187,0.975094,True
ACCESS-CM2,tas,Subtropical Andes,ssp126,full_1950_2100,1950,2100,151,0.728477,0.0,0.728477,0.0,0.728477,0.0,0.023169,0.231691,-0.688117,1.00913,-0.507384,0.921485,True
ACCESS-CM2,tas,Subtropical Andes,ssp245,full_1950_2100,1950,2100,151,0.823223,0.0,0.823223,0.0,0.823223,0.0,0.030883,0.308827,-0.498275,0.951602,-1.325905,0.965482,True
ACCESS-CM2,tas,Subtropical Andes,ssp370,full_1950_2100,1950,2100,151,0.84883,0.0,0.84883,1e-05,0.84883,0.0,0.040967,0.40967,-0.49925,1.19835,-1.856526,0.977648,True
ACCESS-CM2,tas,Subtropical Andes,ssp585,full_1950_2100,1950,2100,151,0.85766,0.0,0.85766,8.8e-05,0.85766,0.0,0.049425,0.494254,-0.406442,1.3318,-2.545308,0.98516,True
CESM2,hurs,Central Amazonia,historical,historical_1950_2014,1950,2014,65,-0.291346,0.000614,-0.291346,0.000614,-0.291346,0.0,-0.026065,-0.260655,-5.95589,5.852969,1.012595,0.27892,True
CESM2,hurs,Central Amazonia,ssp126,projected_2015_2100,2015,2100,86,-0.029275,0.692574,-0.029275,0.74949,-0.029275,0.581167,-0.001912,-0.019119,-4.311752,4.120787,-1.291393,0.376334,False
CESM2,hurs,Central Amazonia,ssp245,projected_2015_2100,2015,2100,86,-0.320383,1.3e-05,-0.320383,1.3e-05,-0.320383,0.0,-0.020631,-0.206306,-4.463573,4.20427,-0.589801,0.361992,True
CESM2,hurs,Central Amazonia,ssp370,projected_2015_2100,2015,2100,86,-0.51026,0.0,-0.51026,0.0,-0.51026,0.0,-0.042025,-0.42025,-4.3306,3.767713,-0.191138,0.617127,True
CESM2,hurs,Central Amazonia,ssp585,projected_2015_2100,2015,2100,86,-0.583584,0.0,-0.583584,0.0,-0.583584,0.0,-0.046226,-0.462263,-4.752008,3.3936,-1.014632,0.670755,True
CESM2,hurs,Central Amazonia,ssp126,full_1950_2100,1950,2100,151,-0.375894,0.0,-0.375894,0.0,-0.375894,0.0,-0.016897,-0.168971,-3.098525,2.6847,0.350679,0.526721,True
CESM2,hurs,Central Amazonia,ssp245,full_1950_2100,1950,2100,151,-0.491391,0.0,-0.491391,0.0,-0.491391,0.0,-0.021829,-0.218291,-2.921,2.64895,0.621984,0.548608,True
CESM2,hurs,Central Amazonia,ssp370,full_1950_2100,1950,2100,151,-0.57351,0.0,-0.57351,0.0,-0.57351,0.0,-0.029912,-0.29912,-3.061756,2.4858,1.0659,0.684917,True
CESM2,hurs,Central Amazonia,ssp585,full_1950_2100,1950,2100,151,-0.658808,0.0,-0.658808,0.0,-0.658808,0.0,-0.038512,-0.385115,-3.14105,2.28254,1.470363,0.775763,True
CESM2,hurs,Northern Tropics,historical,historical_1950_2014,1950,2014,65,-0.001923,0.986449,-0.001923,0.981254,-0.001923,0.964716,-0.000163,-0.001634,-4.332732,4.280725,-0.20867,0.238065,False
CESM2,hurs,Northern Tropics,ssp126,projected_2015_2100,2015,2100,86,-0.261286,0.000373,-0.261286,1e-06,-0.261286,0.0,-0.013684,-0.136839,-3.40995,3.23335,-0.696385,0.428397,True
CESM2,hurs,Northern Tropics,ssp245,projected_2015_2100,2015,2100,86,-0.463748,0.0,-0.463748,0.0,-0.463748,0.0,-0.024495,-0.244952,-3.472333,3.155267,-0.940902,0.469413,True
CESM2,hurs,Northern Tropics,ssp370,projected_2015_2100,2015,2100,86,-0.553488,0.0,-0.553488,0.0,-0.553488,0.0,-0.039901,-0.399014,-4.079975,3.33125,-0.740389,0.6524,True
CESM2,hurs,Northern Tropics,ssp585,projected_2015_2100,2015,2100,86,-0.707798,0.0,-0.707798,0.0,-0.707798,0.0,-0.054404,-0.544044,-3.104141,1.98355,-0.193211,0.895618,True
CESM2,hurs,Northern Tropics,ssp126,full_1950_2100,1950,2100,151,-0.415629,0.0,-0.415629,0.0,-0.415629,0.0,-0.013715,-0.13715,-2.363664,2.00023,0.256925,0.549721,True
CESM2,hurs,Northern Tropics,ssp245,full_1950_2100,1950,2100,151,-0.566446,0.0,-0.566446,0.0,-0.566446,0.0,-0.02208,-0.220804,-2.43811,1.890483,0.614527,0.685757,True
CESM2,hurs,Northern Tropics,ssp370,full_1950_2100,1950,2100,151,-0.602472,0.0,-0.602472,0.0,-0.602472,0.0,-0.029519,-0.295192,-2.58432,1.972667,0.95854,0.775286,True
CESM2,hurs,Northern Tropics,ssp585,full_1950_2100,1950,2100,151,-0.699603,0.0,-0.699603,7e-06,-0.699603,0.0,-0.038268,-0.382676,-2.306882,1.567387,1.420174,0.898963,True
CESM2,hurs,South America (continental),historical,historical_1950_2014,1950,2014,65,-0.289423,0.000668,-0.289423,0.007278,-0.289423,0.0,-0.016486,-0.164863,-3.183695,3.052796,0.566363,0.412611,True
CESM2,hurs,South America (continental),ssp126,projected_2015_2100,2015,2100,86,0.011218,0.881401,0.011218,0.911882,0.011218,0.791703,0.00015,0.0015,-2.57677,2.552658,-0.628225,0.456328,False
CESM2,hurs,South America (continental),ssp245,projected_2015_2100,2015,2100,86,-0.117921,0.108751,-0.117921,0.140534,-0.117921,0.000333,-0.004152,-0.04152,-2.42795,2.542667,-0.81404,0.273934,False
CESM2,hurs,South America (continental),ssp370,projected_2015_2100,2015,2100,86,-0.368536,1e-06,-0.368536,0.0,-0.368536,0.0,-0.014207,-0.142066,-2.41988,2.227783,-0.429521,0.349884,True
CESM2,hurs,South America (continental),ssp585,projected_2015_2100,2015,2100,86,-0.498222,0.0,-0.498222,0.0,-0.498222,0.0,-0.022792,-0.227915,-2.583817,2.317275,-0.733109,0.545032,True
CESM2,hurs,South America (continental),ssp126,full_1950_2100,1950,2100,151,-0.303664,0.0,-0.303664,4e-06,-0.303664,0.0,-0.007711,-0.077111,-1.726484,1.63772,0.241433,0.541929,True
CESM2,hurs,South America (continental),ssp245,full_1950_2100,1950,2100,151,-0.452009,0.0,-0.452009,0.0,-0.452009,0.0,-0.012239,-0.122387,-1.641429,1.525032,0.285103,0.596591,True
CESM2,hurs,South America (continental),ssp370,full_1950_2100,1950,2100,151,-0.517528,0.0,-0.517528,0.0,-0.517528,0.0,-0.013866,-0.138659,-1.696825,1.435467,0.471839,0.58927,True
CESM2,hurs,South America (continental),ssp585,full_1950_2100,1950,2100,151,-0.645033,0.0,-0.645033,0.0,-0.645033,0.0,-0.022039,-0.220392,-1.698078,1.346225,0.824138,0.767895,True
CESM2,hurs,Southern Cone,historical,historical_1950_2014,1950,2014,65,-0.083654,0.327373,-0.083654,0.327373,-0.083654,0.05943,-0.006299,-0.062986,-4.797331,4.465337,0.074856,0.057522,False
CESM2,hurs,Southern Cone,ssp126,projected_2015_2100,2015,2100,86,0.087551,0.234114,0.087551,0.182211,0.087551,0.00188,0.006034,0.060342,-4.9867,5.091908,0.234596,0.324946,False
CESM2,hurs,Southern Cone,ssp245,projected_2015_2100,2015,2100,86,0.33461,5e-06,0.33461,5e-06,0.33461,0.0,0.0267,0.267,-4.360062,5.45145,-0.9164,0.320991,True
CESM2,hurs,Southern Cone,ssp370,projected_2015_2100,2015,2100,86,0.278249,0.000151,0.278249,0.0,0.278249,0.0,0.020319,0.203189,-4.285575,4.7751,-0.063804,0.318355,True
CESM2,hurs,Southern Cone,ssp585,projected_2015_2100,2015,2100,86,0.371272,0.0,0.371272,0.0,0.371272,0.0,0.028813,0.288133,-3.814494,4.918625,-0.278917,0.454666,True
CESM2,hurs,Southern Cone,ssp126,full_1950_2100,1950,2100,151,0.116733,0.033555,0.116733,0.074343,0.116733,0.0,0.0048,0.048,-2.87126,2.896958,-0.1613,0.265534,False
CESM2,hurs,Southern Cone,ssp245,full_1950_2100,1950,2100,151,0.174746,0.00146,0.174746,0.013683,0.174746,0.002425,0.007241,0.072414,-2.72465,2.999375,-0.462503,0.263591,True
CESM2,hurs,Southern Cone,ssp370,full_1950_2100,1950,2100,151,0.272759,1e-06,0.272759,0.000133,0.272759,0.0,0.011318,0.113179,-2.538762,2.673925,-0.515339,0.32944,True
CESM2,hurs,Southern Cone,ssp585,full_1950_2100,1950,2100,151,0.290773,0.0,0.290773,5e-05,0.290773,0.0,0.012231,0.122312,-2.490988,2.939783,-0.529739,0.401777,True
CESM2,hurs,Subtropical Andes,historical,historical_1950_2014,1950,2014,65,-0.224038,0.008475,-0.224038,0.012425,-0.224038,1e-06,-0.028824,-0.288237,-7.853644,7.84506,1.150358,0.281417,True
CESM2,hurs,Subtropical Andes,ssp126,projected_2015_2100,2015,2100,86,0.139808,0.057142,0.139808,0.135711,0.139808,0.000119,0.01213,0.121304,-5.9268,5.902617,-0.78944,0.416051,False
CESM2,hurs,Subtropical Andes,ssp245,projected_2015_2100,2015,2100,86,0.038577,0.601546,0.038577,0.601546,0.038577,0.139214,0.00346,0.034603,-5.636821,5.846033,-1.142613,0.115436,False
CESM2,hurs,Subtropical Andes,ssp370,projected_2015_2100,2015,2100,86,0.074692,0.310336,0.074692,0.294705,0.074692,0.009505,0.0062,0.062,-5.583483,5.779193,-0.8796,-0.085955,False
CESM2,hurs,Subtropical Andes,ssp585,projected_2015_2100,2015,2100,86,-0.193981,0.008273,-0.193981,0.01949,-0.193981,0.000127,-0.019155,-0.191553,-6.895146,6.463625,-0.717901,0.113726,True
CESM2,hurs,Subtropical Andes,ssp126,full_1950_2100,1950,2100,151,-0.065607,0.232551,-0.065607,0.358584,-0.065607,0.163708,-0.003844,-0.038441,-3.92488,3.74989,0.114209,0.364784,False
CESM2,hurs,Subtropical Andes,ssp245,full_1950_2100,1950,2100,151,-0.204062,0.000202,-0.204062,0.003242,-0.204062,1e-06,-0.010768,-0.107684,-3.70912,3.47495,0.183732,0.276461,True
CESM2,hurs,Subtropical Andes,ssp370,full_1950_2100,1950,2100,151,-0.109227,0.046743,-0.109227,0.011846,-0.109227,0.004986,-0.006066,-0.060663,-3.885814,3.717096,0.051374,0.112727,True
CESM2,hurs,Subtropical Andes,ssp585,full_1950_2100,1950,2100,151,-0.367417,0.0,-0.367417,0.0,-0.367417,0.0,-0.022571,-0.225705,-4.08325,3.607737,0.87629,0.357402,True
CESM2,tas,Central Amazonia,historical,historical_1950_2014,1950,2014,65,0.294712,0.000531,0.294712,2.9e-05,0.294712,0.0,0.010938,0.10938,-1.83408,2.649075,-0.366516,0.277043,True
CESM2,tas,Central Amazonia,ssp126,projected_2015_2100,2015,2100,86,0.490561,0.0,0.490561,6.3e-05,0.490561,0.0,0.013395,0.133955,-1.0479,1.58564,1.229343,0.646949,True
CESM2,tas,Central Amazonia,ssp245,projected_2015_2100,2015,2100,86,0.75212,0.0,0.75212,0.0,0.75212,0.0,0.035185,0.351848,-1.29601,1.907911,0.723697,0.824825,True
CESM2,tas,Central Amazonia,ssp370,projected_2015_2100,2015,2100,86,0.83803,0.0,0.83803,0.0,0.83803,0.0,0.052968,0.529682,-1.151323,2.178356,0.326252,0.929232,True
CESM2,tas,Central Amazonia,ssp585,projected_2015_2100,2015,2100,86,0.896033,0.0,0.896033,0.0,0.896033,0.0,0.073272,0.732719,-0.717238,2.118778,-0.001605,0.966743,True
CESM2,tas,Central Amazonia,ssp126,full_1950_2100,1950,2100,151,0.69351,0.0,0.69351,0.0,0.69351,0.0,0.019925,0.199247,-0.730142,1.108204,-0.404951,0.883751,True
CESM2,tas,Central Amazonia,ssp245,full_1950_2100,1950,2100,151,0.772274,0.0,0.772274,0.0,0.772274,0.0,0.028754,0.287543,-0.7601,1.284854,-1.255871,0.91435,True
CESM2,tas,Central Amazonia,ssp370,full_1950_2100,1950,2100,151,0.804415,0.0,0.804415,9e-06,0.804415,0.0,0.036402,0.364023,-0.661864,1.419671,-1.766874,0.95198,True
CESM2,tas,Central Amazonia,ssp585,full_1950_2100,1950,2100,151,0.827108,0.0,0.827108,8.4e-05,0.827108,0.0,0.047731,0.477312,-0.588698,1.55161,-2.443444,0.973976,True
CESM2,tas,Northern Tropics,historical,historical_1950_2014,1950,2014,65,0.279808,0.001004,0.279808,0.000103,0.279808,0.0,0.009013,0.090129,-1.775144,2.148925,-0.320213,0.301615,True
CESM2,tas,Northern Tropics,ssp126,projected_2015_2100,2015,2100,86,0.522845,0.0,0.522845,2.3e-05,0.522845,0.0,0.013185,0.131851,-0.949752,1.47949,1.120634,0.654189,True
CESM2,tas,Northern Tropics,ssp245,projected_2015_2100,2015,2100,86,0.786867,0.0,0.786867,0.0,0.786867,0.0,0.033199,0.331985,-0.9517,1.609517,0.716463,0.876285,True
CESM2,tas,Northern Tropics,ssp370,projected_2015_2100,2015,2100,86,0.830917,0.0,0.830917,0.0,0.830917,0.0,0.048484,0.48484,-0.94252,1.97235,0.36188,0.939293,True
CESM2,tas,Northern Tropics,ssp585,projected_2015_2100,2015,2100,86,0.904241,0.0,0.904241,1e-06,0.904241,0.0,0.068567,0.685673,-0.465171,1.796975,0.115389,0.976219,True
CESM2,tas,Northern Tropics,ssp126,full_1950_2100,1950,2100,151,0.702428,0.0,0.702428,0.0,0.702428,0.0,0.018843,0.188432,-0.684738,1.054357,-0.420341,0.890559,True
CESM2,tas,Northern Tropics,ssp245,full_1950_2100,1950,2100,151,0.784636,0.0,0.784636,0.0,0.784636,0.0,0.027569,0.275687,-0.638239,1.145546,-1.266449,0.934786,True
CESM2,tas,Northern Tropics,ssp370,full_1950_2100,1950,2100,151,0.804238,0.0,0.804238,1.5e-05,0.804238,0.0,0.034352,0.343515,-0.619432,1.31495,-1.608964,0.959011,True
CESM2,tas,Northern Tropics,ssp585,full_1950_2100,1950,2100,151,0.832759,0.0,0.832759,7.9e-05,0.832759,0.0,0.045858,0.458577,-0.49188,1.317182,-2.262627,0.979774,True
CESM2,tas,South America (continental),historical,historical_1950_2014,1950,2014,65,0.353846,3.2e-05,0.353846,0.000203,0.353846,0.0,0.009625,0.096247,-1.294515,1.805017,-0.282189,0.473738,True
CESM2,tas,South America (continental),ssp126,projected_2015_2100,2015,2100,86,0.613133,0.0,0.613133,2.6e-05,0.613133,0.0,0.012868,0.128684,-0.658267,1.05508,1.135742,0.788653,True
CESM2,tas,South America (continental),ssp245,projected_2015_2100,2015,2100,86,0.8342,0.0,0.8342,0.0,0.8342,0.0,0.033405,0.334047,-0.828733,1.361838,0.661701,0.928118,True
CESM2,tas,South America (continental),ssp370,projected_2015_2100,2015,2100,86,0.889466,0.0,0.889466,0.0,0.889466,0.0,0.047132,0.471323,-0.498536,1.42646,0.386879,0.969226,True
CESM2,tas,South America (continental),ssp585,projected_2015_2100,2015,2100,86,0.933789,0.0,0.933789,1e-06,0.933789,0.0,0.06835,0.6835,-0.14771,1.519367,0.107675,0.989018,True
CESM2,tas,South America (continental),ssp126,full_1950_2100,1950,2100,151,0.750993,0.0,0.750993,0.0,0.750993,0.0,0.018429,0.184291,-0.5044,0.821275,-0.457182,0.937843,True
CESM2,tas,South America (continental),ssp245,full_1950_2100,1950,2100,151,0.821192,0.0,0.821192,0.0,0.821192,0.0,0.027288,0.272875,-0.509426,0.9112,-1.187763,0.96291,True
CESM2,tas,South America (continental),ssp370,full_1950_2100,1950,2100,151,0.842296,0.0,0.842296,2.7e-05,0.842296,0.0,0.033697,0.336973,-0.442387,1.01035,-1.646101,0.978235,True
CESM2,tas,South America (continental),ssp585,full_1950_2100,1950,2100,151,0.855188,0.0,0.855188,0.000143,0.855188,0.0,0.044729,0.447286,-0.362394,1.148865,-2.273943,0.989552,True
CESM2,tas,Southern Cone,historical,historical_1950_2014,1950,2014,65,0.213462,0.012142,0.213462,0.012142,0.213462,0.0,0.006659,0.066591,-1.834838,2.036387,-0.222392,0.286683,True
CESM2,tas,Southern Cone,ssp126,projected_2015_2100,2015,2100,86,0.543092,0.0,0.543092,0.0,0.543092,0.0,0.012394,0.123941,-1.027975,1.416013,0.654,0.546996,True
CESM2,tas,Southern Cone,ssp245,projected_2015_2100,2015,2100,86,0.764706,0.0,0.764706,0.0,0.764706,0.0,0.027917,0.279167,-0.943025,1.488463,0.364842,0.846036,True
CESM2,tas,Southern Cone,ssp370,projected_2015_2100,2015,2100,86,0.849521,0.0,0.849521,0.0,0.849521,0.0,0.038415,0.38415,-0.6727,1.563104,0.339313,0.945141,True
CESM2,tas,Southern Cone,ssp585,projected_2015_2100,2015,2100,86,0.863748,0.0,0.863748,0.0,0.863748,0.0,0.054678,0.546778,-0.779205,1.75785,-0.061106,0.954227,True
CESM2,tas,Southern Cone,ssp126,full_1950_2100,1950,2100,151,0.691832,0.0,0.691832,0.0,0.691832,0.0,0.014538,0.145375,-0.731266,0.957195,-0.359513,0.828127,True
CESM2,tas,Southern Cone,ssp245,full_1950_2100,1950,2100,151,0.754879,0.0,0.754879,0.0,0.754879,0.0,0.021797,0.217971,-0.677185,1.064548,-0.894979,0.905436,True
CESM2,tas,Southern Cone,ssp370,full_1950_2100,1950,2100,151,0.793907,0.0,0.793907,7e-06,0.793907,0.0,0.027562,0.275621,-0.589275,1.098204,-1.306059,0.950316,True
CESM2,tas,Southern Cone,ssp585,full_1950_2100,1950,2100,151,0.79532,0.0,0.79532,8.9e-05,0.79532,0.0,0.034278,0.342776,-0.604914,1.279735,-1.831522,0.962088,True
CESM2,tas,Subtropical Andes,historical,historical_1950_2014,1950,2014,65,0.290385,0.000641,0.290385,0.000641,0.290385,0.0,0.01097,0.109703,-2.10305,2.360575,-0.31195,0.388424,True
CESM2,tas,Subtropical Andes,ssp126,projected_2015_2100,2015,2100,86,0.509713,0.0,0.509713,5e-05,0.509713,0.0,0.013194,0.131943,-0.977644,1.462,1.291841,0.711931,True
CESM2,tas,Subtropical Andes,ssp245,projected_2015_2100,2015,2100,86,0.790424,0.0,0.790424,0.0,0.790424,0.0,0.036731,0.367305,-1.130312,1.72855,0.830553,0.889169,True
CESM2,tas,Subtropical Andes,ssp370,projected_2015_2100,2015,2100,86,0.867305,0.0,0.867305,0.0,0.867305,0.0,0.049017,0.490167,-0.830583,1.64707,0.438842,0.948748,True
CESM2,tas,Subtropical Andes,ssp585,projected_2015_2100,2015,2100,86,0.911902,0.0,0.911902,0.0,0.911902,0.0,0.076295,0.762952,-0.54453,2.128013,0.213102,0.978843,True
CESM2,tas,Subtropical Andes,ssp126,full_1950_2100,1950,2100,151,0.694481,0.0,0.694481,0.0,0.694481,0.0,0.02025,0.2025,-0.77336,1.11095,-0.56185,0.899995,True
CESM2,tas,Subtropical Andes,ssp245,full_1950_2100,1950,2100,151,0.78755,0.0,0.78755,0.0,0.78755,0.0,0.030055,0.300548,-0.7538,1.236443,-1.204413,0.940307,True
CESM2,tas,Subtropical Andes,ssp370,full_1950_2100,1950,2100,151,0.81872,0.0,0.81872,6e-06,0.81872,0.0,0.03583,0.358304,-0.660387,1.203364,-1.735083,0.962363,True
CESM2,tas,Subtropical Andes,ssp585,full_1950_2100,1950,2100,151,0.828344,0.0,0.828344,8.4e-05,0.828344,0.0,0.04987,0.498697,-0.612796,1.544,-2.656925,0.981417,True
CanESM5,hurs,Central Amazonia,historical,historical_1950_2014,1950,2014,65,-0.3625,2e-05,-0.3625,0.0,-0.3625,0.0,-0.033624,-0.33624,-5.587696,4.719622,1.340767,0.400762,True
CanESM5,hurs,Central Amazonia,ssp126,projected_2015_2100,2015,2100,86,-0.175376,0.016982,-0.175376,0.091427,-0.175376,4.4e-05,-0.019771,-0.197712,-7.858083,6.517063,-1.794323,0.282204,False
CanESM5,hurs,Central Amazonia,ssp245,projected_2015_2100,2015,2100,86,-0.370725,0.0,-0.370725,2e-05,-0.370725,0.0,-0.042652,-0.426525,-7.8867,6.023568,-1.755569,0.48238,True
CanESM5,hurs,Central Amazonia,ssp370,projected_2015_2100,2015,2100,86,-0.595622,0.0,-0.595622,0.0,-0.595622,0.0,-0.073788,-0.737882,-7.502342,5.90039,-2.10635,0.627278,True
CanESM5,hurs,Central Amazonia,ssp585,projected_2015_2100,2015,2100,86,-0.604925,0.0,-0.604925,0.0,-0.604925,0.0,-0.089316,-0.893161,-7.961419,6.180496,-1.607715,0.587391,True
CanESM5,hurs,Central Amazonia,ssp126,full_1950_2100,1950,2100,151,-0.530596,0.0,-0.530596,0.0,-0.530596,0.0,-0.034739,-0.347395,-3.96012,3.28726,1.369161,0.616531,True
CanESM5,hurs,Central Amazonia,ssp245,full_1950_2100,1950,2100,151,-0.627726,0.0,-0.627726,0.0,-0.627726,0.0,-0.046477,-0.464773,-4.212225,3.063771,1.785295,0.757803,True
CanESM5,hurs,Central Amazonia,ssp370,full_1950_2100,1950,2100,151,-0.718322,0.0,-0.718322,0.0,-0.718322,0.0,-0.066306,-0.663065,-4.027474,2.779111,2.662884,0.843253,True
CanESM5,hurs,Central Amazonia,ssp585,full_1950_2100,1950,2100,151,-0.725563,0.0,-0.725563,0.0,-0.725563,0.0,-0.071847,-0.718472,-4.351805,2.912,3.120138,0.824782,True
CanESM5,hurs,Northern Tropics,historical,historical_1950_2014,1950,2014,65,-0.271154,0.001436,-0.271154,0.002824,-0.271154,0.0,-0.017245,-0.172446,-4.758525,4.486294,0.686027,0.347972,True
CanESM5,hurs,Northern Tropics,ssp126,projected_2015_2100,2015,2100,86,-0.15896,0.030517,-0.15896,0.030517,-0.15896,0.0,-0.008406,-0.084061,-4.122212,3.884029,-0.38819,0.208054,True
CanESM5,hurs,Northern Tropics,ssp245,projected_2015_2100,2015,2100,86,-0.309986,2.4e-05,-0.309986,2.4e-05,-0.309986,0.0,-0.02181,-0.218104,-4.36712,3.383889,-0.409358,0.299036,True
CanESM5,hurs,Northern Tropics,ssp370,projected_2015_2100,2015,2100,86,-0.523393,0.0,-0.523393,,-0.523393,0.0,-0.034491,-0.344913,-4.074625,3.454092,-0.43217,0.58953,False
CanESM5,hurs,Northern Tropics,ssp585,projected_2015_2100,2015,2100,86,-0.531053,0.0,-0.531053,0.0,-0.531053,0.0,-0.037521,-0.375212,-4.467333,3.805661,-0.674851,0.479456,True
CanESM5,hurs,Northern Tropics,ssp126,full_1950_2100,1950,2100,151,-0.38234,0.0,-0.38234,0.0,-0.38234,0.0,-0.012341,-0.123413,-2.397621,2.138412,0.576398,0.412148,True
CanESM5,hurs,Northern Tropics,ssp245,full_1950_2100,1950,2100,151,-0.501987,0.0,-0.501987,0.0,-0.501987,0.0,-0.019826,-0.198263,-2.435743,2.091908,0.756174,0.556388,True
CanESM5,hurs,Northern Tropics,ssp370,full_1950_2100,1950,2100,151,-0.625077,0.0,-0.625077,0.0,-0.625077,0.0,-0.027123,-0.27123,-2.4066,1.90927,1.222526,0.744861,True
CanESM5,hurs,Northern Tropics,ssp585,full_1950_2100,1950,2100,151,-0.640442,0.0,-0.640442,0.0,-0.640442,0.0,-0.031262,-0.312615,-2.652745,2.065403,1.234315,0.721927,True
CanESM5,hurs,South America (continental),historical,historical_1950_2014,1950,2014,65,-0.352885,3.3e-05,-0.352885,0.000234,-0.352885,0.0,-0.017484,-0.174843,-3.260821,2.5939,0.669197,0.307751,True
CanESM5,hurs,South America (continental),ssp126,projected_2015_2100,2015,2100,86,-0.18249,0.012989,-0.18249,0.038875,-0.18249,0.00035,-0.009886,-0.098857,-3.787186,3.37955,-1.264957,0.130582,True
CanESM5,hurs,South America (continental),ssp245,projected_2015_2100,2015,2100,86,-0.481259,0.0,-0.481259,0.0,-0.481259,0.0,-0.028364,-0.283636,-3.35505,2.712817,-1.222195,0.506181,True
CanESM5,hurs,South America (continental),ssp370,projected_2015_2100,2015,2100,86,-0.690834,0.0,-0.690834,0.0,-0.690834,0.0,-0.051381,-0.513812,-3.179508,2.61425,-1.026547,0.778995,True
CanESM5,hurs,South America (continental),ssp585,projected_2015_2100,2015,2100,86,-0.68974,0.0,-0.68974,0.0,-0.68974,0.0,-0.064667,-0.646667,-4.2556,3.23575,-0.739867,0.723115,True
CanESM5,hurs,South America (continental),ssp126,full_1950_2100,1950,2100,151,-0.566976,0.0,-0.566976,0.0,-0.566976,0.0,-0.020678,-0.206779,-1.973892,1.643054,0.579444,0.639491,True
CanESM5,hurs,South America (continental),ssp245,full_1950_2100,1950,2100,151,-0.688477,0.0,-0.688477,0.0,-0.688477,0.0,-0.029848,-0.298483,-2.094342,1.4693,0.916421,0.80567,True
CanESM5,hurs,South America (continental),ssp370,full_1950_2100,1950,2100,151,-0.7683,0.0,-0.7683,0.0,-0.7683,0.0,-0.042913,-0.429129,-2.107529,1.298371,1.696968,0.904821,True
CanESM5,hurs,South America (continental),ssp585,full_1950_2100,1950,2100,151,-0.767241,0.0,-0.767241,0.0,-0.767241,0.0,-0.048453,-0.484535,-2.602407,1.421318,2.14791,0.881042,True
CanESM5,hurs,Southern Cone,historical,historical_1950_2014,1950,2014,65,-0.002885,0.977417,-0.002885,0.971954,-0.002885,0.938379,-0.000271,-0.002713,-6.605186,6.922387,-0.220519,0.180163,False
CanESM5,hurs,Southern Cone,ssp126,projected_2015_2100,2015,2100,86,0.080711,0.272827,0.080711,0.301564,0.080711,0.014076,0.0061,0.061,-5.721418,6.113075,-0.4623,0.319161,False
CanESM5,hurs,Southern Cone,ssp245,projected_2015_2100,2015,2100,86,-0.028181,0.703616,-0.028181,0.61497,-0.028181,0.348729,-0.001685,-0.016846,-5.68062,5.615892,-0.425004,0.275175,False
CanESM5,hurs,Southern Cone,ssp370,projected_2015_2100,2015,2100,86,0.022161,0.765407,0.022161,0.765407,0.022161,0.333162,0.001879,0.018786,-4.711417,5.47934,-0.973689,0.075089,False
CanESM5,hurs,Southern Cone,ssp585,projected_2015_2100,2015,2100,86,-0.239398,0.001115,-0.239398,0.001115,-0.239398,0.0,-0.018577,-0.185773,-4.706483,4.893458,0.136384,0.176259,True
CanESM5,hurs,Southern Cone,ssp126,full_1950_2100,1950,2100,151,-0.014746,0.789408,-0.014746,0.808817,-0.014746,0.58208,-0.000544,-0.005441,-3.337215,3.698767,-0.175791,0.274567,False
CanESM5,hurs,Southern Cone,ssp245,full_1950_2100,1950,2100,151,-0.106049,0.05352,-0.106049,0.000238,-0.106049,0.0,-0.004703,-0.047029,-3.298425,3.252371,-0.056686,0.266537,True
CanESM5,hurs,Southern Cone,ssp370,full_1950_2100,1950,2100,151,-0.156733,0.004314,-0.156733,0.004314,-0.156733,0.0,-0.006635,-0.066353,-3.053756,3.050875,-0.077653,0.195456,True
CanESM5,hurs,Southern Cone,ssp585,full_1950_2100,1950,2100,151,-0.228962,3e-05,-0.228962,3e-06,-0.228962,0.0,-0.010164,-0.101643,-3.216692,3.103653,0.263621,0.25657,True
CanESM5,hurs,Subtropical Andes,historical,historical_1950_2014,1950,2014,65,-0.222115,0.009057,-0.222115,7e-05,-0.222115,0.0,-0.020534,-0.205337,-5.980492,5.037356,0.785778,0.078587,True
CanESM5,hurs,Subtropical Andes,ssp126,projected_2015_2100,2015,2100,86,-0.171546,0.019549,-0.171546,0.019549,-0.171546,0.0,-0.01561,-0.156096,-6.3625,6.581557,-2.402741,0.036409,True
CanESM5,hurs,Subtropical Andes,ssp245,projected_2015_2100,2015,2100,86,-0.422161,0.0,-0.422161,0.0,-0.422161,0.0,-0.043952,-0.439519,-6.833775,6.098029,-1.940994,0.406749,True
CanESM5,hurs,Subtropical Andes,ssp370,projected_2015_2100,2015,2100,86,-0.662927,0.0,-0.662927,0.0,-0.662927,0.0,-0.094028,-0.940282,-6.978118,5.72395,-0.587901,0.743612,True
CanESM5,hurs,Subtropical Andes,ssp585,projected_2015_2100,2015,2100,86,-0.666758,0.0,-0.666758,0.0,-0.666758,0.0,-0.114374,-1.143736,-8.276533,6.418767,-0.915923,0.694352,True
CanESM5,hurs,Subtropical Andes,ssp126,full_1950_2100,1950,2100,151,-0.533775,0.0,-0.533775,0.0,-0.533775,0.0,-0.034921,-0.349208,-3.88333,3.434962,0.959163,0.568297,True
CanESM5,hurs,Subtropical Andes,ssp245,full_1950_2100,1950,2100,151,-0.637263,0.0,-0.637263,0.0,-0.637263,0.0,-0.047233,-0.472333,-3.86048,3.115975,1.3723,0.726144,True
CanESM5,hurs,Subtropical Andes,ssp370,full_1950_2100,1950,2100,151,-0.728035,0.0,-0.728035,0.0,-0.728035,0.0,-0.069873,-0.698735,-4.093359,2.915603,2.855511,0.865987,True
CanESM5,hurs,Subtropical Andes,ssp585,full_1950_2100,1950,2100,151,-0.735453,0.0,-0.735453,0.0,-0.735453,0.0,-0.081347,-0.813471,-4.793161,3.008558,3.783233,0.851523,True
CanESM5,tas,Central Amazonia,historical,historical_1950_2014,1950,2014,65,0.567308,0.0,0.567308,0.0,0.567308,0.0,0.023472,0.234725,-1.554831,2.430889,-0.90722,0.727538,True
CanESM5,tas,Central Amazonia,ssp126,projected_2015_2100,2015,2100,86,0.399726,0.0,0.399726,0.002231,0.399726,1e-06,0.015161,0.151611,-1.791489,2.034888,1.695553,0.581918,True
CanESM5,tas,Central Amazonia,ssp245,projected_2015_2100,2015,2100,86,0.708345,0.0,0.708345,0.0,0.708345,0.0,0.039102,0.391021,-1.786026,2.758883,1.34996,0.823658,True
CanESM5,tas,Central Amazonia,ssp370,projected_2015_2100,2015,2100,86,0.85171,0.0,0.85171,0.0,0.85171,0.0,0.075722,0.757222,-1.4855,3.050617,1.062006,0.941934,True
CanESM5,tas,Central Amazonia,ssp585,projected_2015_2100,2015,2100,86,0.862654,0.0,0.862654,0.0,0.862654,0.0,0.093807,0.938074,-1.4394,3.29854,0.475735,0.936464,True
CanESM5,tas,Central Amazonia,ssp126,full_1950_2100,1950,2100,151,0.716909,0.0,0.716909,0.0,0.716909,0.0,0.028244,0.282437,-0.872513,1.32515,-0.563077,0.915829,True
CanESM5,tas,Central Amazonia,ssp245,full_1950_2100,1950,2100,151,0.818631,0.0,0.818631,0.0,0.818631,0.0,0.039004,0.390039,-0.877268,1.567063,-1.100993,0.948292,True
CanESM5,tas,Central Amazonia,ssp370,full_1950_2100,1950,2100,151,0.868433,0.0,0.868433,2e-06,0.868433,0.0,0.05883,0.588304,-0.660287,1.801167,-2.515079,0.975913,True
CanESM5,tas,Central Amazonia,ssp585,full_1950_2100,1950,2100,151,0.870728,0.0,0.870728,1.8e-05,0.870728,0.0,0.064197,0.641971,-0.668166,2.06562,-3.136179,0.97143,True
CanESM5,tas,Northern Tropics,historical,historical_1950_2014,1950,2014,65,0.5625,0.0,0.5625,0.0,0.5625,0.0,0.019983,0.199835,-1.301883,2.057483,-0.766772,0.747505,True
CanESM5,tas,Northern Tropics,ssp126,projected_2015_2100,2015,2100,86,0.429275,0.0,0.429275,0.000712,0.429275,0.0,0.013869,0.138686,-1.451825,1.692894,1.636783,0.62351,True
CanESM5,tas,Northern Tropics,ssp245,projected_2015_2100,2015,2100,86,0.749932,0.0,0.749932,0.0,0.749932,0.0,0.035485,0.354846,-1.252683,1.979115,1.196854,0.875468,True
CanESM5,tas,Northern Tropics,ssp370,projected_2015_2100,2015,2100,86,0.872777,0.0,0.872777,0.0,0.872777,0.0,0.065178,0.651783,-0.958677,2.34319,1.126921,0.960348,True
CanESM5,tas,Northern Tropics,ssp585,projected_2015_2100,2015,2100,86,0.885089,0.0,0.885089,0.0,0.885089,0.0,0.08256,0.8256,-1.090004,2.604898,0.49825,0.955907,True
CanESM5,tas,Northern Tropics,ssp126,full_1950_2100,1950,2100,151,0.731214,0.0,0.731214,0.0,0.731214,0.0,0.026847,0.268474,-0.679875,1.13187,-0.453653,0.940304,True
CanESM5,tas,Northern Tropics,ssp245,full_1950_2100,1950,2100,151,0.833466,0.0,0.833466,0.0,0.833466,0.0,0.034912,0.349125,-0.654425,1.20231,-1.037137,0.96296,True
CanESM5,tas,Northern Tropics,ssp370,full_1950_2100,1950,2100,151,0.876645,0.0,0.876645,1e-06,0.876645,0.0,0.053573,0.535725,-0.472856,1.44779,-2.243941,0.983994,True
CanESM5,tas,Northern Tropics,ssp585,full_1950_2100,1950,2100,151,0.878499,0.0,0.878499,3.2e-05,0.878499,0.0,0.057688,0.576882,-0.466375,1.652867,-2.833918,0.979922,True
CanESM5,tas,South America (continental),historical,historical_1950_2014,1950,2014,65,0.644231,0.0,0.644231,0.0,0.644231,0.0,0.020118,0.201184,-1.006471,1.498833,-0.759988,0.822878,True
CanESM5,tas,South America (continental),ssp126,projected_2015_2100,2015,2100,86,0.438851,0.0,0.438851,0.004153,0.438851,2e-06,0.012639,0.126389,-1.105449,1.463742,1.602997,0.668396,True
CanESM5,tas,South America (continental),ssp245,projected_2015_2100,2015,2100,86,0.801368,0.0,0.801368,0.0,0.801368,0.0,0.034985,0.349854,-0.94265,1.68705,1.14727,0.911658,True
CanESM5,tas,South America (continental),ssp370,projected_2015_2100,2015,2100,86,0.895486,0.0,0.895486,0.0,0.895486,0.0,0.067053,0.670532,-0.697971,2.040083,0.905588,0.970198,True
CanESM5,tas,South America (continental),ssp585,projected_2015_2100,2015,2100,86,0.909713,0.0,0.909713,0.0,0.909713,0.0,0.086457,0.864571,-0.582342,2.353492,0.267921,0.974005,True
CanESM5,tas,South America (continental),ssp126,full_1950_2100,1950,2100,151,0.751611,0.0,0.751611,1e-06,0.751611,0.0,0.025774,0.257739,-0.51804,0.953436,-0.442841,0.955502,True
CanESM5,tas,South America (continental),ssp245,full_1950_2100,1950,2100,151,0.866843,0.0,0.866843,0.0,0.866843,0.0,0.034031,0.340312,-0.4432,1.044575,-1.038744,0.974865,True
CanESM5,tas,South America (continental),ssp370,full_1950_2100,1950,2100,151,0.899868,0.0,0.899868,8e-06,0.899868,0.0,0.0532,0.532,-0.28796,1.3318,-2.2772,0.988183,True
CanESM5,tas,South America (continental),ssp585,full_1950_2100,1950,2100,151,0.903576,0.0,0.903576,4.3e-05,0.903576,0.0,0.057804,0.578045,-0.26437,1.531125,-2.927737,0.987856,True
CanESM5,tas,Southern Cone,historical,historical_1950_2014,1950,2014,65,0.554808,0.0,0.554808,0.0,0.554808,0.0,0.0147,0.146997,-1.039171,1.35369,-0.595689,0.603755,True
CanESM5,tas,Southern Cone,ssp126,projected_2015_2100,2015,2100,86,0.435021,0.0,0.435021,0.003013,0.435021,1e-06,0.009448,0.094483,-0.883138,1.082425,1.312098,0.62383,True
CanESM5,tas,Southern Cone,ssp245,projected_2015_2100,2015,2100,86,0.777839,0.0,0.777839,0.0,0.777839,0.0,0.027417,0.274167,-0.773254,1.269417,0.672192,0.885772,True
CanESM5,tas,Southern Cone,ssp370,projected_2015_2100,2015,2100,86,0.881806,0.0,0.881806,0.0,0.881806,0.0,0.050415,0.504154,-0.602963,1.68492,0.631846,0.951296,True
CanESM5,tas,Southern Cone,ssp585,projected_2015_2100,2015,2100,86,0.905882,0.0,0.905882,0.0,0.905882,0.0,0.0679,0.679,-0.4663,1.693038,-0.09545,0.979743,True
CanESM5,tas,Southern Cone,ssp126,full_1950_2100,1950,2100,151,0.735894,0.0,0.735894,2e-06,0.735894,0.0,0.019797,0.197974,-0.474113,0.807795,-0.264708,0.940404,True
CanESM5,tas,Southern Cone,ssp245,full_1950_2100,1950,2100,151,0.845828,0.0,0.845828,0.0,0.845828,0.0,0.02416,0.241595,-0.372983,0.856617,-0.885264,0.954131,True
CanESM5,tas,Southern Cone,ssp370,full_1950_2100,1950,2100,151,0.880088,0.0,0.880088,3e-06,0.880088,0.0,0.040004,0.400037,-0.321247,1.073105,-1.71288,0.978334,True
CanESM5,tas,Southern Cone,ssp585,full_1950_2100,1950,2100,151,0.88362,0.0,0.88362,7.9e-05,0.88362,0.0,0.042691,0.426911,-0.290781,1.161857,-2.283135,0.986215,True
CanESM5,tas,Subtropical Andes,historical,historical_1950_2014,1950,2014,65,0.6125,0.0,0.6125,0.0,0.6125,0.0,0.021677,0.216771,-1.342792,1.866444,-0.798268,0.721134,True
CanESM5,tas,Subtropical Andes,ssp126,projected_2015_2100,2015,2100,86,0.369631,0.0,0.369631,0.002289,0.369631,2e-06,0.012676,0.126765,-1.521712,1.769589,1.7087,0.514312,True
CanESM5,tas,Subtropical Andes,ssp245,projected_2015_2100,2015,2100,86,0.790971,0.0,0.790971,0.0,0.790971,0.0,0.03741,0.374102,-1.114633,1.95448,1.220166,0.875071,True
CanESM5,tas,Subtropical Andes,ssp370,projected_2015_2100,2015,2100,86,0.865937,0.0,0.865937,0.0,0.865937,0.0,0.077031,0.770314,-1.216375,2.691397,0.819467,0.948053,True
CanESM5,tas,Subtropical Andes,ssp585,projected_2015_2100,2015,2100,86,0.893297,0.0,0.893297,0.0,0.893297,0.0,0.099468,0.994682,-0.941813,2.981717,0.160602,0.966225,True
CanESM5,tas,Subtropical Andes,ssp126,full_1950_2100,1950,2100,151,0.723974,0.0,0.723974,0.0,0.723974,0.0,0.027452,0.274517,-0.799703,1.1657,-0.401476,0.929642,True
CanESM5,tas,Subtropical Andes,ssp245,full_1950_2100,1950,2100,151,0.858013,0.0,0.858013,0.0,0.858013,0.0,0.037226,0.372257,-0.576256,1.246689,-1.154329,0.963258,True
CanESM5,tas,Subtropical Andes,ssp370,full_1950_2100,1950,2100,151,0.883974,0.0,0.883974,7e-06,0.883974,0.0,0.058459,0.584589,-0.51225,1.664057,-2.51752,0.978498,True
CanESM5,tas,Subtropical Andes,ssp585,full_1950_2100,1950,2100,151,0.893333,0.0,0.893333,3.6e-05,0.893333,0.0,0.065498,0.654976,-0.4074,1.9395,-3.291021,0.983481,True
EC-Earth3,hurs,Central Amazonia,historical,historical_1950_2014,1950,2014,65,-0.291346,0.000614,-0.291346,0.000614,-0.291346,0.0,-0.020127,-0.201273,-4.784162,4.018862,0.838372,0.180813,True
EC-Earth3,hurs,Central Amazonia,ssp126,projected_2015_2100,2015,2100,86,-0.199453,0.006621,-0.199453,0.006621,-0.199453,0.0,-0.011122,-0.111217,-4.205933,3.64532,-1.033329,0.191831,True
EC-Earth3,hurs,Central Amazonia,ssp245,projected_2015_2100,2015,2100,86,-0.19015,0.009639,-0.19015,0.030065,-0.19015,0.0,-0.011151,-0.111509,-4.452736,3.9575,-1.329738,0.255065,True
EC-Earth3,hurs,Central Amazonia,ssp370,projected_2015_2100,2015,2100,86,-0.280164,0.000136,-0.280164,0.000136,-0.280164,0.0,-0.017704,-0.177043,-4.19425,3.57765,-1.631015,0.241117,True
EC-Earth3,hurs,Central Amazonia,ssp585,projected_2015_2100,2015,2100,86,-0.496033,0.0,-0.496033,0.0,-0.496033,0.0,-0.032475,-0.32475,-3.955203,3.492025,-1.376112,0.484057,True
EC-Earth3,hurs,Central Amazonia,ssp126,full_1950_2100,1950,2100,151,-0.508344,0.0,-0.508344,0.0,-0.508344,0.0,-0.019886,-0.19886,-2.479762,2.002082,0.522947,0.550133,True
EC-Earth3,hurs,Central Amazonia,ssp245,full_1950_2100,1950,2100,151,-0.533422,0.0,-0.533422,0.0,-0.533422,0.0,-0.022291,-0.22291,-2.652433,2.229225,0.601028,0.605285,True
EC-Earth3,hurs,Central Amazonia,ssp370,full_1950_2100,1950,2100,151,-0.590375,0.0,-0.590375,0.0,-0.590375,0.0,-0.02833,-0.283298,-2.646917,1.94737,0.693437,0.69176,True
EC-Earth3,hurs,Central Amazonia,ssp585,full_1950_2100,1950,2100,151,-0.683709,0.0,-0.683709,0.0,-0.683709,0.0,-0.036336,-0.363365,-2.6812,2.071754,1.194035,0.776996,True
EC-Earth3,hurs,Northern Tropics,historical,historical_1950_2014,1950,2014,65,-0.270192,0.001493,-0.270192,0.0,-0.270192,0.0,-0.017942,-0.179423,-4.325888,3.738625,0.510855,0.42861,True
EC-Earth3,hurs,Northern Tropics,ssp126,projected_2015_2100,2015,2100,86,-0.094938,0.196868,-0.094938,0.001653,-0.094938,0.0,-0.003832,-0.038317,-2.981375,2.682478,-0.778902,0.059406,True
EC-Earth3,hurs,Northern Tropics,ssp245,projected_2015_2100,2015,2100,86,-0.087825,0.232654,-0.087825,0.232654,-0.087825,0.173664,-0.00393,-0.039297,-2.9485,2.715102,-0.759486,0.200026,False
EC-Earth3,hurs,Northern Tropics,ssp370,projected_2015_2100,2015,2100,86,-0.29357,6.4e-05,-0.29357,8.9e-05,-0.29357,0.0,-0.016779,-0.167791,-3.903033,3.272108,-0.708488,0.41806,True
EC-Earth3,hurs,Northern Tropics,ssp585,projected_2015_2100,2015,2100,86,-0.46156,0.0,-0.46156,0.0,-0.46156,0.0,-0.026321,-0.263209,-3.316092,3.296008,-0.65216,0.516069,True
EC-Earth3,hurs,Northern Tropics,ssp126,full_1950_2100,1950,2100,151,-0.369183,0.0,-0.369183,2e-06,-0.369183,0.0,-0.010535,-0.105354,-2.035756,1.773626,0.185558,0.460468,True
EC-Earth3,hurs,Northern Tropics,ssp245,full_1950_2100,1950,2100,151,-0.380662,0.0,-0.380662,4.8e-05,-0.380662,0.0,-0.0117,-0.117,-2.0597,1.781562,0.2264,0.516629,True
EC-Earth3,hurs,Northern Tropics,ssp370,full_1950_2100,1950,2100,151,-0.518411,0.0,-0.518411,0.0,-0.518411,0.0,-0.019435,-0.194349,-2.342037,2.068915,0.587618,0.655169,True
EC-Earth3,hurs,Northern Tropics,ssp585,full_1950_2100,1950,2100,151,-0.626137,0.0,-0.626137,0.0,-0.626137,0.0,-0.025054,-0.250541,-2.244738,1.90855,0.767357,0.743883,True
EC-Earth3,hurs,South America (continental),historical,historical_1950_2014,1950,2014,65,-0.356731,2.7e-05,-0.356731,0.00013,-0.356731,0.0,-0.018769,-0.187685,-3.09441,2.601487,0.749393,0.379785,True
EC-Earth3,hurs,South America (continental),ssp126,projected_2015_2100,2015,2100,86,-0.034747,0.638383,-0.034747,0.690277,-0.034747,0.29201,-0.001165,-0.011654,-2.30019,2.343022,-0.733769,0.211039,False
EC-Earth3,hurs,South America (continental),ssp245,projected_2015_2100,2015,2100,86,-0.083995,0.253731,-0.083995,0.253731,-0.083995,0.008315,-0.003084,-0.030844,-2.82357,2.28441,-0.933261,0.099669,False
EC-Earth3,hurs,South America (continental),ssp370,projected_2015_2100,2015,2100,86,-0.059371,0.420447,-0.059371,0.054378,-0.059371,0.041867,-0.002129,-0.02129,-2.75405,2.568967,-1.283416,0.184149,False
EC-Earth3,hurs,South America (continental),ssp585,projected_2015_2100,2015,2100,86,-0.336799,4e-06,-0.336799,,-0.336799,0.0,-0.014866,-0.148658,-2.975875,2.991833,-0.827455,0.412356,False
EC-Earth3,hurs,South America (continental),ssp126,full_1950_2100,1950,2100,151,-0.415717,0.0,-0.415717,0.0,-0.415717,0.0,-0.010173,-0.10173,-1.54695,1.336821,0.238078,0.55516,True
EC-Earth3,hurs,South America (continental),ssp245,full_1950_2100,1950,2100,151,-0.480795,0.0,-0.480795,0.0,-0.480795,0.0,-0.012774,-0.127743,-1.650004,1.297661,0.280771,0.564435,True
EC-Earth3,hurs,South America (continental),ssp370,full_1950_2100,1950,2100,151,-0.516909,0.0,-0.516909,0.0,-0.516909,0.0,-0.015889,-0.158887,-1.67172,1.393589,0.450753,0.68097,True
EC-Earth3,hurs,South America (continental),ssp585,full_1950_2100,1950,2100,151,-0.620662,0.0,-0.620662,0.0,-0.620662,0.0,-0.019802,-0.19802,-1.853375,1.451112,0.637449,0.727761,True
EC-Earth3,hurs,Southern Cone,historical,historical_1950_2014,1950,2014,65,-0.075962,0.37409,-0.075962,0.37409,-0.075962,0.065635,-0.007485,-0.074855,-6.038825,6.609127,0.503136,0.203802,False
EC-Earth3,hurs,Southern Cone,ssp126,projected_2015_2100,2015,2100,86,0.000821,0.994048,0.000821,0.993795,0.000821,0.974752,8e-06,8.2e-05,-6.158687,5.36051,0.375152,-0.039357,False
EC-Earth3,hurs,Southern Cone,ssp245,projected_2015_2100,2015,2100,86,-0.053352,0.469317,-0.053352,0.18475,-0.053352,0.060243,-0.005045,-0.050455,-6.04045,5.047328,0.711482,-0.058786,False
EC-Earth3,hurs,Southern Cone,ssp370,projected_2015_2100,2015,2100,86,0.11026,0.13377,0.11026,0.13377,0.11026,0.005954,0.008903,0.089033,-5.1436,5.45556,-0.225042,0.131904,False
EC-Earth3,hurs,Southern Cone,ssp585,projected_2015_2100,2015,2100,86,0.011218,0.881401,0.011218,0.730665,0.011218,0.50543,0.001022,0.010222,-6.723929,6.662346,0.410056,0.076724,False
EC-Earth3,hurs,Southern Cone,ssp126,full_1950_2100,1950,2100,151,0.015806,0.774582,0.015806,0.789833,0.015806,0.414234,0.00062,0.006198,-3.284447,3.303979,0.230011,0.069908,False
EC-Earth3,hurs,Southern Cone,ssp245,full_1950_2100,1950,2100,151,0.042826,0.436148,0.042826,0.461313,0.042826,0.033741,0.001989,0.019889,-3.237809,3.462085,0.173033,0.07722,False
EC-Earth3,hurs,Southern Cone,ssp370,full_1950_2100,1950,2100,151,0.03064,0.577743,0.03064,0.579898,0.03064,0.386157,0.001244,0.012444,-3.04465,3.27022,0.125167,0.166652,False
EC-Earth3,hurs,Southern Cone,ssp585,full_1950_2100,1950,2100,151,0.068433,0.213022,0.068433,0.023159,0.068433,0.001501,0.003244,0.032437,-3.60985,3.700336,0.121219,0.13938,True
EC-Earth3,hurs,Subtropical Andes,historical,historical_1950_2014,1950,2014,65,-0.225962,0.007926,-0.225962,0.005984,-0.225962,0.0,-0.021821,-0.218214,-7.182135,5.777987,0.682586,0.31775,True
EC-Earth3,hurs,Subtropical Andes,ssp126,projected_2015_2100,2015,2100,86,0.091655,0.212849,0.091655,0.001902,0.091655,0.011512,0.007724,0.077244,-6.7953,6.37335,-1.394339,0.403964,True
EC-Earth3,hurs,Subtropical Andes,ssp245,projected_2015_2100,2015,2100,86,0.076881,0.29632,0.076881,0.170057,0.076881,0.003446,0.005956,0.059563,-7.070999,6.309096,-2.162491,0.086334,False
EC-Earth3,hurs,Subtropical Andes,ssp370,projected_2015_2100,2015,2100,86,0.139808,0.057142,0.139808,8.5e-05,0.139808,0.0,0.013791,0.137909,-7.1486,7.634296,-2.380914,0.236969,True
EC-Earth3,hurs,Subtropical Andes,ssp585,projected_2015_2100,2015,2100,86,0.002462,0.976196,0.002462,0.976766,0.002462,0.941202,0.000436,0.004364,-6.210912,6.863,-1.836445,0.137523,False
EC-Earth3,hurs,Subtropical Andes,ssp126,full_1950_2100,1950,2100,151,-0.219956,6.2e-05,-0.219956,0.002541,-0.219956,1.3e-05,-0.011632,-0.116316,-3.6781,3.6936,0.305568,0.468192,True
EC-Earth3,hurs,Subtropical Andes,ssp245,full_1950_2100,1950,2100,151,-0.332097,0.0,-0.332097,5e-06,-0.332097,0.0,-0.019229,-0.192288,-3.850454,3.646195,0.657258,0.411315,True
EC-Earth3,hurs,Subtropical Andes,ssp370,full_1950_2100,1950,2100,151,-0.275938,1e-06,-0.275938,0.001444,-0.275938,2e-06,-0.017014,-0.170139,-3.9716,3.822186,0.47674,0.445014,True
EC-Earth3,hurs,Subtropical Andes,ssp585,full_1950_2100,1950,2100,151,-0.386313,0.0,-0.386313,0.0,-0.386313,0.0,-0.021106,-0.211065,-3.851129,3.58075,0.671384,0.478051,True
EC-Earth3,tas,Central Amazonia,historical,historical_1950_2014,1950,2014,65,0.536538,0.0,0.536538,1.5e-05,0.536538,0.0,0.026226,0.262261,-1.792871,2.079908,-1.029736,0.675149,True
EC-Earth3,tas,Central Amazonia,ssp126,projected_2015_2100,2015,2100,86,0.323666,1e-05,0.323666,0.0,0.323666,0.0,0.01126,0.1126,-1.996712,2.427743,1.15315,0.233944,True
EC-Earth3,tas,Central Amazonia,ssp245,projected_2015_2100,2015,2100,86,0.580848,0.0,0.580848,0.0,0.580848,0.0,0.025479,0.254787,-1.848316,2.998667,1.022704,0.548417,True
EC-Earth3,tas,Central Amazonia,ssp370,projected_2015_2100,2015,2100,86,0.718194,0.0,0.718194,0.0,0.718194,0.0,0.045828,0.458276,-2.1876,3.565825,0.523178,0.769581,True
EC-Earth3,tas,Central Amazonia,ssp585,projected_2015_2100,2015,2100,86,0.751026,0.0,0.751026,0.0,0.751026,0.0,0.061595,0.615947,-2.189488,4.110993,0.513424,0.829892,True
EC-Earth3,tas,Central Amazonia,ssp126,full_1950_2100,1950,2100,151,0.669404,0.0,0.669404,0.0,0.669404,0.0,0.020552,0.205518,-1.032929,1.385689,-0.561882,0.803958,True
EC-Earth3,tas,Central Amazonia,ssp245,full_1950_2100,1950,2100,151,0.764415,0.0,0.764415,0.0,0.764415,0.0,0.027779,0.277787,-0.969833,1.55865,-0.954403,0.863767,True
EC-Earth3,tas,Central Amazonia,ssp370,full_1950_2100,1950,2100,151,0.809448,0.0,0.809448,0.0,0.809448,0.0,0.036405,0.364054,-0.97209,1.7648,-1.520005,0.906742,True
EC-Earth3,tas,Central Amazonia,ssp585,full_1950_2100,1950,2100,151,0.824018,0.0,0.824018,0.0,0.824018,0.0,0.042971,0.429711,-0.919325,2.025631,-1.973033,0.923227,True
EC-Earth3,tas,Northern Tropics,historical,historical_1950_2014,1950,2014,65,0.568269,0.0,0.568269,5.4e-05,0.568269,0.0,0.026549,0.265491,-1.797845,2.127192,-0.95087,0.715102,True
EC-Earth3,tas,Northern Tropics,ssp126,projected_2015_2100,2015,2100,86,0.321477,1.2e-05,0.321477,0.0,0.321477,0.0,0.010191,0.101911,-1.684067,2.21701,1.228529,0.261851,True
EC-Earth3,tas,Northern Tropics,ssp245,projected_2015_2100,2015,2100,86,0.615869,0.0,0.615869,0.0,0.615869,0.0,0.024724,0.247241,-1.6439,2.42635,1.090177,0.634612,True
EC-Earth3,tas,Northern Tropics,ssp370,projected_2015_2100,2015,2100,86,0.745554,0.0,0.745554,0.0,0.745554,0.0,0.045073,0.450725,-1.697687,2.932413,0.746417,0.838167,True
EC-Earth3,tas,Northern Tropics,ssp585,projected_2015_2100,2015,2100,86,0.791518,0.0,0.791518,0.0,0.791518,0.0,0.059528,0.595282,-1.61936,3.564983,0.552803,0.884995,True
EC-Earth3,tas,Northern Tropics,ssp126,full_1950_2100,1950,2100,151,0.686711,0.0,0.686711,0.0,0.686711,0.0,0.021016,0.210155,-0.922936,1.232333,-0.546165,0.844724,True
EC-Earth3,tas,Northern Tropics,ssp245,full_1950_2100,1950,2100,151,0.786843,0.0,0.786843,0.0,0.786843,0.0,0.027636,0.276355,-0.848225,1.31203,-0.913665,0.89878,True
EC-Earth3,tas,Northern Tropics,ssp370,full_1950_2100,1950,2100,151,0.830287,0.0,0.830287,0.0,0.830287,0.0,0.03703,0.370303,-0.812636,1.559317,-1.526269,0.936165,True
EC-Earth3,tas,Northern Tropics,ssp585,full_1950_2100,1950,2100,151,0.846181,0.0,0.846181,0.0,0.846181,0.0,0.042699,0.426985,-0.758603,1.754549,-2.009388,0.948371,True
EC-Earth3,tas,South America (continental),historical,historical_1950_2014,1950,2014,65,0.571154,0.0,0.571154,7.3e-05,0.571154,0.0,0.022017,0.220167,-1.355015,1.748487,-0.796336,0.749035,True
EC-Earth3,tas,South America (continental),ssp126,projected_2015_2100,2015,2100,86,0.363064,1e-06,0.363064,1e-06,0.363064,0.0,0.009297,0.092972,-1.261315,1.670988,1.089418,0.393783,True
EC-Earth3,tas,South America (continental),ssp245,projected_2015_2100,2015,2100,86,0.705062,0.0,0.705062,0.0,0.705062,0.0,0.0243,0.243,-1.061887,1.84065,0.912,0.776795,True
EC-Earth3,tas,South America (continental),ssp370,projected_2015_2100,2015,2100,86,0.79699,0.0,0.79699,0.0,0.79699,0.0,0.042427,0.424269,-1.151383,2.174167,0.560856,0.891022,True
EC-Earth3,tas,South America (continental),ssp585,projected_2015_2100,2015,2100,86,0.829275,0.0,0.829275,0.0,0.829275,0.0,0.057013,0.570129,-1.01291,2.362377,0.268602,0.934934,True
EC-Earth3,tas,South America (continental),ssp126,full_1950_2100,1950,2100,151,0.701192,0.0,0.701192,0.0,0.701192,0.0,0.018257,0.182569,-0.706662,0.99308,-0.379871,0.887514,True
EC-Earth3,tas,South America (continental),ssp245,full_1950_2100,1950,2100,151,0.817748,0.0,0.817748,0.0,0.817748,0.0,0.025424,0.254238,-0.57755,1.0683,-0.813786,0.934017,True
EC-Earth3,tas,South America (continental),ssp370,full_1950_2100,1950,2100,151,0.8483,0.0,0.8483,0.0,0.8483,0.0,0.034259,0.34259,-0.554537,1.27433,-1.476426,0.955798,True
EC-Earth3,tas,South America (continental),ssp585,full_1950_2100,1950,2100,151,0.857483,0.0,0.857483,3e-06,0.857483,0.0,0.039822,0.398224,-0.51111,1.398483,-1.899581,0.968042,True
EC-Earth3,tas,Southern Cone,historical,historical_1950_2014,1950,2014,65,0.4375,0.0,0.4375,0.0,0.4375,0.0,0.016367,0.163671,-1.670765,1.822525,-0.543747,0.529592,True
EC-Earth3,tas,Southern Cone,ssp126,projected_2015_2100,2015,2100,86,0.343365,3e-06,0.343365,0.0,0.343365,0.0,0.007571,0.075708,-1.266321,1.436764,0.75054,0.292495,True
EC-Earth3,tas,Southern Cone,ssp245,projected_2015_2100,2015,2100,86,0.666211,0.0,0.666211,0.0,0.666211,0.0,0.022972,0.229723,-1.2719,1.550683,0.370026,0.700515,True
EC-Earth3,tas,Southern Cone,ssp370,projected_2015_2100,2015,2100,86,0.834747,0.0,0.834747,0.0,0.834747,0.0,0.035242,0.352422,-0.693133,1.424,0.406706,0.920018,True
EC-Earth3,tas,Southern Cone,ssp585,projected_2015_2100,2015,2100,86,0.819152,0.0,0.819152,0.0,0.819152,0.0,0.046937,0.469367,-1.18285,2.011317,-0.184358,0.911663,True
EC-Earth3,tas,Southern Cone,ssp126,full_1950_2100,1950,2100,151,0.652627,0.0,0.652627,0.0,0.652627,0.0,0.0131,0.131,-0.7568,0.938071,-0.3051,0.792937,True
EC-Earth3,tas,Southern Cone,ssp245,full_1950_2100,1950,2100,151,0.749581,0.0,0.749581,0.0,0.749581,0.0,0.01916,0.191602,-0.734567,1.025064,-0.759616,0.860707,True
EC-Earth3,tas,Southern Cone,ssp370,full_1950_2100,1950,2100,151,0.83064,0.0,0.83064,0.0,0.83064,0.0,0.027512,0.275119,-0.545129,1.04266,-1.194694,0.947238,True
EC-Earth3,tas,Southern Cone,ssp585,full_1950_2100,1950,2100,151,0.804238,0.0,0.804238,6e-06,0.804238,0.0,0.029589,0.295886,-0.656864,1.236912,-1.554743,0.941201,True
EC-Earth3,tas,Subtropical Andes,historical,historical_1950_2014,1950,2014,65,0.478846,0.0,0.478846,0.0,0.478846,0.0,0.020156,0.201558,-1.703975,2.338683,-0.763085,0.585687,True
EC-Earth3,tas,Subtropical Andes,ssp126,projected_2015_2100,2015,2100,86,0.219152,0.002846,0.219152,0.03203,0.219152,0.001175,0.007275,0.07275,-1.881662,2.00569,1.180412,0.355115,True
EC-Earth3,tas,Subtropical Andes,ssp245,projected_2015_2100,2015,2100,86,0.633926,0.0,0.633926,0.0,0.633926,0.0,0.025131,0.251308,-1.373785,1.95607,0.930842,0.709479,True
EC-Earth3,tas,Subtropical Andes,ssp370,projected_2015_2100,2015,2100,86,0.731053,0.0,0.731053,0.0,0.731053,0.0,0.041669,0.416687,-1.682533,2.495365,0.728031,0.846172,True
EC-Earth3,tas,Subtropical Andes,ssp585,projected_2015_2100,2015,2100,86,0.801368,0.0,0.801368,0.0,0.801368,0.0,0.057169,0.571688,-1.341,2.5038,0.458678,0.92585,True
EC-Earth3,tas,Subtropical Andes,ssp126,full_1950_2100,1950,2100,151,0.62543,0.0,0.62543,0.0,0.62543,0.0,0.017925,0.17925,-0.9367,1.245103,-0.430475,0.825951,True
EC-Earth3,tas,Subtropical Andes,ssp245,full_1950_2100,1950,2100,151,0.775982,0.0,0.775982,0.0,0.775982,0.0,0.027253,0.272533,-0.756729,1.270375,-0.8398,0.90746,True
EC-Earth3,tas,Subtropical Andes,ssp370,full_1950_2100,1950,2100,151,0.806534,0.0,0.806534,0.0,0.806534,0.0,0.034564,0.345636,-0.833608,1.542237,-1.376373,0.933196,True
EC-Earth3,tas,Subtropical Andes,ssp585,full_1950_2100,1950,2100,151,0.831876,0.0,0.831876,1e-06,0.831876,0.0,0.042315,0.423149,-0.702096,1.564256,-1.835321,0.959257,True
GFDL-ESM4,hurs,Central Amazonia,historical,historical_1950_2014,1950,2014,65,-0.300962,0.000403,-0.300962,0.000403,-0.300962,0.0,-0.027208,-0.272075,-5.392325,5.479875,0.98724,0.127115,True
GFDL-ESM4,hurs,Central Amazonia,ssp126,projected_2015_2100,2015,2100,86,-0.214227,0.003537,-0.214227,0.003537,-0.214227,5.1e-05,-0.015342,-0.153423,-4.364733,3.957504,-1.864552,0.262806,True
GFDL-ESM4,hurs,Central Amazonia,ssp245,projected_2015_2100,2015,2100,86,-0.439672,0.0,-0.439672,0.0,-0.439672,0.0,-0.039249,-0.392491,-5.684098,4.847997,-1.467115,0.363238,True
GFDL-ESM4,hurs,Central Amazonia,ssp370,projected_2015_2100,2015,2100,86,-0.640492,0.0,-0.640492,0.0,-0.640492,0.0,-0.069314,-0.693136,-5.631721,4.21,-1.25027,0.743512,True
GFDL-ESM4,hurs,Central Amazonia,ssp585,projected_2015_2100,2015,2100,86,-0.653078,0.0,-0.653078,0.0,-0.653078,0.0,-0.078278,-0.782781,-6.22565,4.697992,-1.429382,0.746234,True
GFDL-ESM4,hurs,Central Amazonia,ssp126,full_1950_2100,1950,2100,151,-0.560883,0.0,-0.560883,0.0,-0.560883,0.0,-0.029325,-0.293254,-2.970708,2.5905,0.781203,0.643814,True
GFDL-ESM4,hurs,Central Amazonia,ssp245,full_1950_2100,1950,2100,151,-0.664636,0.0,-0.664636,0.0,-0.664636,0.0,-0.042063,-0.420629,-3.346625,2.69893,1.422714,0.722673,True
GFDL-ESM4,hurs,Central Amazonia,ssp370,full_1950_2100,1950,2100,151,-0.736865,0.0,-0.736865,0.0,-0.736865,0.0,-0.057194,-0.571944,-3.475242,2.320825,2.614583,0.856062,True
GFDL-ESM4,hurs,Central Amazonia,ssp585,full_1950_2100,1950,2100,151,-0.74181,0.0,-0.74181,0.0,-0.74181,0.0,-0.065187,-0.651867,-3.8517,2.6337,2.8275,0.871826,True
GFDL-ESM4,hurs,Northern Tropics,historical,historical_1950_2014,1950,2014,65,-0.170192,0.045666,-0.170192,0.037805,-0.170192,0.0,-0.014744,-0.147441,-5.683519,6.568556,0.638811,0.301609,True
GFDL-ESM4,hurs,Northern Tropics,ssp126,projected_2015_2100,2015,2100,86,-0.034747,0.638383,-0.034747,0.659331,-0.034747,0.289337,-0.002368,-0.023675,-4.16665,4.106206,-0.31178,0.354067,False
GFDL-ESM4,hurs,Northern Tropics,ssp245,projected_2015_2100,2015,2100,86,-0.05171,0.483171,-0.05171,0.534991,-0.05171,0.182039,-0.003505,-0.035051,-4.653925,4.27469,-0.763532,0.256423,False
GFDL-ESM4,hurs,Northern Tropics,ssp370,projected_2015_2100,2015,2100,86,-0.482353,0.0,-0.482353,3e-06,-0.482353,0.0,-0.038413,-0.384128,-4.871233,3.871215,-0.023355,0.613152,True
GFDL-ESM4,hurs,Northern Tropics,ssp585,projected_2015_2100,2015,2100,86,-0.544186,0.0,-0.544186,0.0,-0.544186,0.0,-0.043826,-0.438256,-4.730108,3.944883,-0.019313,0.614803,True
GFDL-ESM4,hurs,Northern Tropics,ssp126,full_1950_2100,1950,2100,151,-0.137837,0.012076,-0.137837,0.008273,-0.137837,0.0,-0.00512,-0.0512,-2.826429,2.780385,0.1695,0.352457,True
GFDL-ESM4,hurs,Northern Tropics,ssp245,full_1950_2100,1950,2100,151,-0.260221,2e-06,-0.260221,0.0,-0.260221,0.0,-0.010211,-0.102113,-2.86715,2.77369,0.356349,0.388089,True
GFDL-ESM4,hurs,Northern Tropics,ssp370,full_1950_2100,1950,2100,151,-0.535541,0.0,-0.535541,0.0,-0.535541,0.0,-0.026337,-0.263371,-3.20481,2.542787,0.975784,0.682088,True
GFDL-ESM4,hurs,Northern Tropics,ssp585,full_1950_2100,1950,2100,151,-0.541722,0.0,-0.541722,0.0,-0.541722,0.0,-0.027755,-0.277549,-3.156286,2.640957,1.256318,0.681887,True
GFDL-ESM4,hurs,South America (continental),historical,historical_1950_2014,1950,2014,65,-0.364904,1.8e-05,-0.364904,0.0,-0.364904,0.0,-0.020018,-0.200181,-3.529475,3.280062,0.778478,0.2005,True
GFDL-ESM4,hurs,South America (continental),ssp126,projected_2015_2100,2015,2100,86,-0.055814,0.448952,-0.055814,0.683406,-0.055814,0.501583,-0.002203,-0.022029,-2.369283,2.24135,-0.930127,0.331743,False
GFDL-ESM4,hurs,South America (continental),ssp245,projected_2015_2100,2015,2100,86,-0.235021,0.001373,-0.235021,0.001373,-0.235021,0.0,-0.011947,-0.11947,-3.49545,3.20865,-0.988303,0.135455,True
GFDL-ESM4,hurs,South America (continental),ssp370,projected_2015_2100,2015,2100,86,-0.579754,0.0,-0.579754,0.0,-0.579754,0.0,-0.035437,-0.354371,-3.242433,2.636739,-0.541573,0.72064,True
GFDL-ESM4,hurs,South America (continental),ssp585,projected_2015_2100,2015,2100,86,-0.61751,0.0,-0.61751,0.0,-0.61751,0.0,-0.041438,-0.41438,-3.61195,2.954531,-0.937586,0.714191,True
GFDL-ESM4,hurs,South America (continental),ssp126,full_1950_2100,1950,2100,151,-0.461369,0.0,-0.461369,0.000151,-0.461369,0.0,-0.013381,-0.13381,-1.58148,1.492608,0.375974,0.569,True
GFDL-ESM4,hurs,South America (continental),ssp245,full_1950_2100,1950,2100,151,-0.574923,0.0,-0.574923,0.0,-0.574923,0.0,-0.020152,-0.201518,-1.941017,1.819383,0.629084,0.607307,True
GFDL-ESM4,hurs,South America (continental),ssp370,full_1950_2100,1950,2100,151,-0.704636,0.0,-0.704636,0.0,-0.704636,0.0,-0.029562,-0.29562,-1.959,1.4738,1.24195,0.821767,True
GFDL-ESM4,hurs,South America (continental),ssp585,full_1950_2100,1950,2100,151,-0.731302,0.0,-0.731302,0.0,-0.731302,0.0,-0.036562,-0.365623,-2.067353,1.5251,1.327475,0.857096,True
GFDL-ESM4,hurs,Southern Cone,historical,historical_1950_2014,1950,2014,65,-0.024038,0.781467,-0.024038,0.781467,-0.024038,0.480598,-0.00267,-0.026702,-6.786812,5.889267,-0.103655,0.257932,False
GFDL-ESM4,hurs,Southern Cone,ssp126,projected_2015_2100,2015,2100,86,0.056088,0.446724,0.056088,0.446724,0.056088,0.30021,0.004281,0.04281,-5.03383,5.177613,-0.16449,0.222156,False
GFDL-ESM4,hurs,Southern Cone,ssp245,projected_2015_2100,2015,2100,86,0.037483,0.611973,0.037483,0.611973,0.037483,0.150966,0.003135,0.031355,-5.163385,5.346492,-0.234458,-0.012339,False
GFDL-ESM4,hurs,Southern Cone,ssp370,projected_2015_2100,2015,2100,86,0.05171,0.483171,0.05171,0.057507,0.05171,0.142178,0.003708,0.037076,-5.719707,6.158228,0.154978,0.110098,False
GFDL-ESM4,hurs,Southern Cone,ssp585,projected_2015_2100,2015,2100,86,-0.075239,0.306791,-0.075239,0.412628,-0.075239,0.069539,-0.006072,-0.060722,-5.687697,5.469175,-0.502831,0.306333,False
GFDL-ESM4,hurs,Southern Cone,ssp126,full_1950_2100,1950,2100,151,0.053598,0.329558,0.053598,0.379202,0.053598,0.059062,0.002352,0.023515,-3.049971,3.194892,-0.220264,0.245209,False
GFDL-ESM4,hurs,Southern Cone,ssp245,full_1950_2100,1950,2100,151,0.005386,0.923096,0.005386,0.923096,0.005386,0.771973,0.000246,0.002464,-3.302753,3.195675,-0.195582,0.097966,False
GFDL-ESM4,hurs,Southern Cone,ssp370,full_1950_2100,1950,2100,151,0.045828,0.404609,0.045828,0.360995,0.045828,0.035154,0.002149,0.021487,-3.55275,3.34793,-0.145554,0.170201,False
GFDL-ESM4,hurs,Southern Cone,ssp585,full_1950_2100,1950,2100,151,-0.154967,0.004772,-0.154967,0.03672,-0.154967,0.0,-0.006935,-0.069349,-3.303,3.22865,0.000415,0.318849,True
GFDL-ESM4,hurs,Subtropical Andes,historical,historical_1950_2014,1950,2014,65,-0.283654,0.000854,-0.283654,3.1e-05,-0.283654,0.0,-0.031459,-0.314593,-7.730475,7.542531,1.056996,0.232746,True
GFDL-ESM4,hurs,Subtropical Andes,ssp126,projected_2015_2100,2015,2100,86,0.044596,0.545687,0.044596,0.497161,0.044596,0.424399,0.003334,0.03334,-5.3847,5.822092,-1.925545,0.204469,False
GFDL-ESM4,hurs,Subtropical Andes,ssp245,projected_2015_2100,2015,2100,86,-0.070862,0.335899,-0.070862,0.335899,-0.070862,0.003722,-0.007692,-0.076917,-7.107108,7.160487,-1.784154,0.009685,False
GFDL-ESM4,hurs,Subtropical Andes,ssp370,projected_2015_2100,2015,2100,86,-0.404104,0.0,-0.404104,0.0,-0.404104,0.0,-0.037042,-0.370423,-5.568521,5.3105,-0.943602,0.426778,True
GFDL-ESM4,hurs,Subtropical Andes,ssp585,projected_2015_2100,2015,2100,86,-0.430369,0.0,-0.430369,0.0,-0.430369,0.0,-0.036532,-0.365324,-6.36115,5.212203,-1.961625,0.329593,True
GFDL-ESM4,hurs,Subtropical Andes,ssp126,full_1950_2100,1950,2100,151,-0.35011,0.0,-0.35011,0.000105,-0.35011,0.0,-0.02071,-0.207101,-3.687312,3.646583,0.697456,0.44112,True
GFDL-ESM4,hurs,Subtropical Andes,ssp245,full_1950_2100,1950,2100,151,-0.412804,0.0,-0.412804,0.0,-0.412804,0.0,-0.026162,-0.261615,-4.257375,3.832017,0.802915,0.397905,True
GFDL-ESM4,hurs,Subtropical Andes,ssp370,full_1950_2100,1950,2100,151,-0.554437,0.0,-0.554437,0.0,-0.554437,0.0,-0.034986,-0.349856,-3.80885,3.131482,1.273318,0.614073,True
GFDL-ESM4,hurs,Subtropical Andes,ssp585,full_1950_2100,1950,2100,151,-0.629845,0.0,-0.629845,0.0,-0.629845,0.0,-0.044178,-0.441783,-3.950711,3.142125,1.192875,0.685373,True
GFDL-ESM4,tas,Central Amazonia,historical,historical_1950_2014,1950,2014,65,0.450962,0.0,0.450962,0.0,0.450962,0.0,0.017369,0.173685,-1.99056,2.502433,-0.697693,0.592214,True
GFDL-ESM4,tas,Central Amazonia,ssp126,projected_2015_2100,2015,2100,86,0.21368,0.003623,0.21368,0.00089,0.21368,3e-05,0.005869,0.058694,-1.6628,1.775287,1.026449,0.268921,True
GFDL-ESM4,tas,Central Amazonia,ssp245,projected_2015_2100,2015,2100,86,0.580301,0.0,0.580301,,0.580301,0.0,0.021909,0.219093,-1.546288,2.23971,0.798155,0.550054,False
GFDL-ESM4,tas,Central Amazonia,ssp370,projected_2015_2100,2015,2100,86,0.735157,0.0,0.735157,0.0,0.735157,0.0,0.046872,0.468722,-2.006937,2.712896,0.197681,0.844273,True
GFDL-ESM4,tas,Central Amazonia,ssp585,projected_2015_2100,2015,2100,86,0.790971,0.0,0.790971,0.0,0.790971,0.0,0.05684,0.568396,-1.491427,2.840613,0.187018,0.878576,True
GFDL-ESM4,tas,Central Amazonia,ssp126,full_1950_2100,1950,2100,151,0.600706,0.0,0.600706,0.0,0.600706,0.0,0.015659,0.156589,-0.970287,1.23492,-0.356017,0.798317,True
GFDL-ESM4,tas,Central Amazonia,ssp245,full_1950_2100,1950,2100,151,0.735364,0.0,0.735364,0.0,0.735364,0.0,0.023268,0.232683,-0.884129,1.383172,-0.653425,0.853466,True
GFDL-ESM4,tas,Central Amazonia,ssp370,full_1950_2100,1950,2100,151,0.791965,0.0,0.791965,0.0,0.791965,0.0,0.034174,0.341742,-0.947565,1.631502,-1.456065,0.923814,True
GFDL-ESM4,tas,Central Amazonia,ssp585,full_1950_2100,1950,2100,151,0.810155,0.0,0.810155,2e-06,0.810155,0.0,0.038164,0.381643,-0.834942,1.67465,-1.842121,0.935056,True
GFDL-ESM4,tas,Northern Tropics,historical,historical_1950_2014,1950,2014,65,0.383173,7e-06,0.383173,0.000307,0.383173,0.0,0.015336,0.153364,-2.081212,2.48215,-0.580864,0.581032,True
GFDL-ESM4,tas,Northern Tropics,ssp126,projected_2015_2100,2015,2100,86,0.135978,0.064313,0.135978,0.05612,0.135978,0.00865,0.003859,0.038587,-1.656212,1.81779,1.019954,0.308752,False
GFDL-ESM4,tas,Northern Tropics,ssp245,projected_2015_2100,2015,2100,86,0.566074,0.0,0.566074,0.0,0.566074,0.0,0.017972,0.179716,-1.449137,1.802275,0.789157,0.556806,True
GFDL-ESM4,tas,Northern Tropics,ssp370,projected_2015_2100,2015,2100,86,0.751026,0.0,0.751026,0.0,0.751026,0.0,0.042088,0.420875,-1.62805,2.313125,0.293181,0.87065,True
GFDL-ESM4,tas,Northern Tropics,ssp585,projected_2015_2100,2015,2100,86,0.809029,0.0,0.809029,0.0,0.809029,0.0,0.051059,0.510585,-1.083975,2.220258,0.105862,0.909449,True
GFDL-ESM4,tas,Northern Tropics,ssp126,full_1950_2100,1950,2100,151,0.555408,0.0,0.555408,0.0,0.555408,0.0,0.013451,0.134511,-0.948092,1.242383,-0.261933,0.783083,True
GFDL-ESM4,tas,Northern Tropics,ssp245,full_1950_2100,1950,2100,151,0.717528,0.0,0.717528,0.0,0.717528,0.0,0.020096,0.20096,-0.833605,1.2263,-0.5313,0.853606,True
GFDL-ESM4,tas,Northern Tropics,ssp370,full_1950_2100,1950,2100,151,0.787991,0.0,0.787991,0.0,0.787991,0.0,0.031745,0.317454,-0.820467,1.498086,-1.296903,0.934147,True
GFDL-ESM4,tas,Northern Tropics,ssp585,full_1950_2100,1950,2100,151,0.799558,0.0,0.799558,5e-06,0.799558,0.0,0.034399,0.343987,-0.746046,1.43845,-1.576801,0.945186,True
GFDL-ESM4,tas,South America (continental),historical,historical_1950_2014,1950,2014,65,0.530769,0.0,0.530769,2e-06,0.530769,0.0,0.016651,0.166508,-1.511525,1.8685,-0.654824,0.660517,True
GFDL-ESM4,tas,South America (continental),ssp126,projected_2015_2100,2015,2100,86,0.169083,0.021373,0.169083,0.125388,0.169083,0.016722,0.003562,0.03562,-1.244933,1.329313,1.038116,0.364089,False
GFDL-ESM4,tas,South America (continental),ssp245,projected_2015_2100,2015,2100,86,0.667579,0.0,0.667579,0.0,0.667579,0.0,0.018109,0.18109,-0.959925,1.413425,0.792319,0.696202,True
GFDL-ESM4,tas,South America (continental),ssp370,projected_2015_2100,2015,2100,86,0.811765,0.0,0.811765,0.0,0.811765,0.0,0.040497,0.404967,-1.008497,1.7102,0.290192,0.921137,True
GFDL-ESM4,tas,South America (continental),ssp585,projected_2015_2100,2015,2100,86,0.848427,0.0,0.848427,0.0,0.848427,0.0,0.048644,0.486439,-0.8412,1.786342,0.253986,0.940168,True
GFDL-ESM4,tas,South America (continental),ssp126,full_1950_2100,1950,2100,151,0.619691,0.0,0.619691,3.3e-05,0.619691,0.0,0.013955,0.139548,-0.718605,0.944125,-0.211107,0.860616,True
GFDL-ESM4,tas,South America (continental),ssp245,full_1950_2100,1950,2100,151,0.79223,0.0,0.79223,0.0,0.79223,0.0,0.020247,0.202471,-0.5823,0.984725,-0.545233,0.911256,True
GFDL-ESM4,tas,South America (continental),ssp370,full_1950_2100,1950,2100,151,0.84053,0.0,0.84053,0.0,0.84053,0.0,0.030946,0.309457,-0.57205,1.1924,-1.306029,0.958685,True
GFDL-ESM4,tas,South America (continental),ssp585,full_1950_2100,1950,2100,151,0.851126,0.0,0.851126,4e-06,0.851126,0.0,0.033982,0.339824,-0.516875,1.186434,-1.484376,0.965042,True
GFDL-ESM4,tas,Southern Cone,historical,historical_1950_2014,1950,2014,65,0.475,0.0,0.475,0.0,0.475,0.0,0.01305,0.1305,-1.404075,1.776325,-0.4745,0.505647,True
GFDL-ESM4,tas,Southern Cone,ssp126,projected_2015_2100,2015,2100,86,0.122845,0.094727,0.122845,0.159162,0.122845,0.032808,0.002291,0.022914,-1.158912,1.163163,0.799466,0.170877,False
GFDL-ESM4,tas,Southern Cone,ssp245,projected_2015_2100,2015,2100,86,0.584131,0.0,0.584131,0.0,0.584131,0.0,0.013097,0.130971,-0.939636,1.223247,0.570921,0.603555,True
GFDL-ESM4,tas,Southern Cone,ssp370,projected_2015_2100,2015,2100,86,0.770725,0.0,0.770725,0.0,0.770725,0.0,0.027857,0.278571,-0.83364,1.48938,0.450021,0.843811,True
GFDL-ESM4,tas,Southern Cone,ssp585,projected_2015_2100,2015,2100,86,0.800821,0.0,0.800821,0.0,0.800821,0.0,0.032349,0.323486,-0.991338,1.419371,0.199486,0.903365,True
GFDL-ESM4,tas,Southern Cone,ssp126,full_1950_2100,1950,2100,151,0.588698,0.0,0.588698,4e-06,0.588698,0.0,0.010646,0.106457,-0.673167,0.839805,-0.217724,0.770946,True
GFDL-ESM4,tas,Southern Cone,ssp245,full_1950_2100,1950,2100,151,0.749404,0.0,0.749404,0.0,0.749404,0.0,0.014661,0.146606,-0.578114,0.8636,-0.454442,0.853523,True
GFDL-ESM4,tas,Southern Cone,ssp370,full_1950_2100,1950,2100,151,0.819779,0.0,0.819779,0.0,0.819779,0.0,0.022838,0.228381,-0.517525,0.996337,-0.98506,0.924505,True
GFDL-ESM4,tas,Southern Cone,ssp585,full_1950_2100,1950,2100,151,0.823929,0.0,0.823929,0.0,0.823929,0.0,0.02423,0.2423,-0.532293,0.984953,-1.03105,0.942638,True
GFDL-ESM4,tas,Subtropical Andes,historical,historical_1950_2014,1950,2014,65,0.582692,0.0,0.582692,0.0,0.582692,0.0,0.021595,0.215951,-1.860631,2.30383,-0.871843,0.55778,True
GFDL-ESM4,tas,Subtropical Andes,ssp126,projected_2015_2100,2015,2100,86,0.089466,0.224012,0.089466,0.37851,0.089466,0.213923,0.002662,0.026618,-1.689458,1.803425,1.190925,0.258093,False
GFDL-ESM4,tas,Subtropical Andes,ssp245,projected_2015_2100,2015,2100,86,0.58249,0.0,0.58249,0.0,0.58249,0.0,0.0177,0.177,-1.343544,1.854142,1.00205,0.547269,True
GFDL-ESM4,tas,Subtropical Andes,ssp370,projected_2015_2100,2015,2100,86,0.772367,0.0,0.772367,0.0,0.772367,0.0,0.043324,0.433242,-1.407138,2.17869,0.50137,0.878326,True
GFDL-ESM4,tas,Subtropical Andes,ssp585,projected_2015_2100,2015,2100,86,0.816963,0.0,0.816963,0.0,0.816963,0.0,0.053189,0.531889,-1.361304,2.329671,0.392272,0.926896,True
GFDL-ESM4,tas,Subtropical Andes,ssp126,full_1950_2100,1950,2100,151,0.592583,0.0,0.592583,4.2e-05,0.592583,0.0,0.016419,0.164188,-0.9657,1.1815,-0.372606,0.801144,True
GFDL-ESM4,tas,Subtropical Andes,ssp245,full_1950_2100,1950,2100,151,0.772715,0.0,0.772715,0.0,0.772715,0.0,0.022921,0.22921,-0.763242,1.18715,-0.571471,0.87615,True
GFDL-ESM4,tas,Subtropical Andes,ssp370,full_1950_2100,1950,2100,151,0.833819,0.0,0.833819,0.0,0.833819,0.0,0.033615,0.336152,-0.727177,1.440812,-1.397741,0.935215,True
GFDL-ESM4,tas,Subtropical Andes,ssp585,full_1950_2100,1950,2100,151,0.849448,0.0,0.849448,0.0,0.849448,0.0,0.038719,0.387188,-0.665222,1.483562,-1.703813,0.954602,True
IPSL-CM6A-LR,hurs,Central Amazonia,historical,historical_1950_2014,1950,2014,65,-0.295192,0.00052,-0.295192,0.00052,-0.295192,0.0,-0.021036,-0.210355,-4.674406,3.149856,0.902637,0.382623,True
IPSL-CM6A-LR,hurs,Central Amazonia,ssp126,projected_2015_2100,2015,2100,86,-0.195622,0.007742,-0.195622,0.003674,-0.195622,0.0,-0.009941,-0.099412,-3.69995,3.891225,-0.6858,0.214643,True
IPSL-CM6A-LR,hurs,Central Amazonia,ssp245,projected_2015_2100,2015,2100,86,-0.578659,0.0,-0.578659,0.0,-0.578659,0.0,-0.044594,-0.445935,-4.39287,3.453848,-0.366074,0.582536,True
IPSL-CM6A-LR,hurs,Central Amazonia,ssp370,projected_2015_2100,2015,2100,86,-0.714364,0.0,-0.714364,0.0,-0.714364,0.0,-0.061651,-0.616508,-3.713083,2.508346,0.07076,0.811888,True
IPSL-CM6A-LR,hurs,Central Amazonia,ssp585,projected_2015_2100,2015,2100,86,-0.766895,0.0,-0.766895,0.0,-0.766895,0.0,-0.087714,-0.877136,-4.05213,2.261713,0.52713,0.895705,True
IPSL-CM6A-LR,hurs,Central Amazonia,ssp126,full_1950_2100,1950,2100,151,-0.461369,0.0,-0.461369,0.0,-0.461369,0.0,-0.015885,-0.158851,-2.27495,2.06029,0.512281,0.544251,True
IPSL-CM6A-LR,hurs,Central Amazonia,ssp245,full_1950_2100,1950,2100,151,-0.658631,0.0,-0.658631,0.0,-0.658631,0.0,-0.032714,-0.327143,-2.763887,1.955075,1.230971,0.760191,True
IPSL-CM6A-LR,hurs,Central Amazonia,ssp370,full_1950_2100,1950,2100,151,-0.718675,0.0,-0.718675,0.0,-0.718675,0.0,-0.040772,-0.407718,-2.53555,1.568691,1.752885,0.874268,True
IPSL-CM6A-LR,hurs,Central Amazonia,ssp585,full_1950_2100,1950,2100,151,-0.737748,0.0,-0.737748,1.5e-05,-0.737748,0.0,-0.052606,-0.526061,-2.86814,1.513444,2.722857,0.917667,True
IPSL-CM6A-LR,hurs,Northern Tropics,historical,historical_1950_2014,1950,2014,65,0.073077,0.392624,0.073077,0.263641,0.073077,0.017642,0.005645,0.056452,-5.094856,4.880106,-0.105745,0.158298,False
IPSL-CM6A-LR,hurs,Northern Tropics,ssp126,projected_2015_2100,2015,2100,86,-0.007387,0.922745,-0.007387,0.909005,-0.007387,0.856324,-0.000629,-0.006286,-4.053422,4.1881,-1.433786,0.186117,False
IPSL-CM6A-LR,hurs,Northern Tropics,ssp245,projected_2015_2100,2015,2100,86,-0.421614,0.0,-0.421614,1.1e-05,-0.421614,0.0,-0.033271,-0.332714,-4.929788,4.770835,-0.986214,0.524226,True
IPSL-CM6A-LR,hurs,Northern Tropics,ssp370,projected_2015_2100,2015,2100,86,-0.678796,0.0,-0.678796,0.0,-0.678796,0.0,-0.064803,-0.648025,-4.403625,3.2258,-0.341892,0.788055,True
IPSL-CM6A-LR,hurs,Northern Tropics,ssp585,projected_2015_2100,2015,2100,86,-0.784405,0.0,-0.784405,0.0,-0.784405,0.0,-0.090988,-0.90988,-4.3724,2.650183,-0.06366,0.919861,True
IPSL-CM6A-LR,hurs,Northern Tropics,ssp126,full_1950_2100,1950,2100,151,-0.327682,0.0,-0.327682,5.8e-05,-0.327682,0.0,-0.013318,-0.133179,-2.62987,2.654112,0.179343,0.432079,True
IPSL-CM6A-LR,hurs,Northern Tropics,ssp245,full_1950_2100,1950,2100,151,-0.535364,0.0,-0.535364,0.0,-0.535364,0.0,-0.027611,-0.276113,-2.966367,2.724633,0.869949,0.700912,True
IPSL-CM6A-LR,hurs,Northern Tropics,ssp370,full_1950_2100,1950,2100,151,-0.631965,0.0,-0.631965,1.3e-05,-0.631965,0.0,-0.041245,-0.412446,-2.828437,2.086393,1.719446,0.842267,True
IPSL-CM6A-LR,hurs,Northern Tropics,ssp585,full_1950_2100,1950,2100,151,-0.675938,0.0,-0.675938,0.000336,-0.675938,0.0,-0.053527,-0.535273,-2.955443,2.0013,2.640645,0.918585,True
IPSL-CM6A-LR,hurs,South America (continental),historical,historical_1950_2014,1950,2014,65,-0.148077,0.082203,-0.148077,0.082203,-0.148077,0.000118,-0.006781,-0.067814,-3.075875,2.78195,0.192106,0.182489,False
IPSL-CM6A-LR,hurs,South America (continental),ssp126,projected_2015_2100,2015,2100,86,-0.161149,0.028297,-0.161149,0.028297,-0.161149,3.9e-05,-0.005438,-0.054375,-2.333183,2.4916,-0.985606,0.121332,True
IPSL-CM6A-LR,hurs,South America (continental),ssp245,projected_2015_2100,2015,2100,86,-0.583584,0.0,-0.583584,,-0.583584,0.0,-0.029252,-0.292523,-2.876521,2.46931,-0.926578,0.602657,False
IPSL-CM6A-LR,hurs,South America (continental),ssp370,projected_2015_2100,2015,2100,86,-0.771272,0.0,-0.771272,0.0,-0.771272,0.0,-0.047682,-0.476825,-2.62119,1.620125,-0.327896,0.834339,True
IPSL-CM6A-LR,hurs,South America (continental),ssp585,projected_2015_2100,2015,2100,86,-0.815595,0.0,-0.815595,0.0,-0.815595,0.0,-0.071974,-0.719741,-2.765931,1.449225,0.135548,0.907206,True
IPSL-CM6A-LR,hurs,South America (continental),ssp126,full_1950_2100,1950,2100,151,-0.513289,0.0,-0.513289,0.0,-0.513289,0.0,-0.01371,-0.137095,-1.71145,1.424707,0.313614,0.599337,True
IPSL-CM6A-LR,hurs,South America (continental),ssp245,full_1950_2100,1950,2100,151,-0.684768,0.0,-0.684768,0.0,-0.684768,0.0,-0.026522,-0.265224,-1.8269,1.380875,1.022481,0.815146,True
IPSL-CM6A-LR,hurs,South America (continental),ssp370,full_1950_2100,1950,2100,151,-0.736865,0.0,-0.736865,1e-06,-0.736865,0.0,-0.033944,-0.339441,-1.726992,1.05669,1.455706,0.892111,True
IPSL-CM6A-LR,hurs,South America (continental),ssp585,full_1950_2100,1950,2100,151,-0.752583,0.0,-0.752583,6.4e-05,-0.752583,0.0,-0.044504,-0.445039,-1.96895,1.047854,2.320193,0.931691,True
IPSL-CM6A-LR,hurs,Southern Cone,historical,historical_1950_2014,1950,2014,65,0.0625,0.465195,0.0625,0.53833,0.0625,0.16674,0.005114,0.051136,-6.527825,6.053583,-0.076236,-0.013202,False
IPSL-CM6A-LR,hurs,Southern Cone,ssp126,projected_2015_2100,2015,2100,86,-0.000547,0.997024,-0.000547,0.996671,-0.000547,0.992483,-2.6e-05,-0.000259,-5.0736,5.069914,-0.705348,0.138307,False
IPSL-CM6A-LR,hurs,Southern Cone,ssp245,projected_2015_2100,2015,2100,86,-0.192886,0.008644,-0.192886,0.014105,-0.192886,0.0,-0.01135,-0.1135,-4.33075,3.6616,-0.506625,0.276576,True
IPSL-CM6A-LR,hurs,Southern Cone,ssp370,projected_2015_2100,2015,2100,86,-0.254172,0.000538,-0.254172,0.000538,-0.254172,0.0,-0.015767,-0.157667,-4.40521,4.257867,-0.379667,0.217993,True
IPSL-CM6A-LR,hurs,Southern Cone,ssp585,projected_2015_2100,2015,2100,86,-0.381669,0.0,-0.381669,0.0,-0.381669,0.0,-0.0269,-0.269,-4.14204,4.033555,-0.1016,0.358177,True
IPSL-CM6A-LR,hurs,Southern Cone,ssp126,full_1950_2100,1950,2100,151,-0.159205,0.00374,-0.159205,0.006083,-0.159205,0.0,-0.007023,-0.070234,-2.98675,3.056667,0.049057,0.160991,True
IPSL-CM6A-LR,hurs,Southern Cone,ssp245,full_1950_2100,1950,2100,151,-0.284238,0.0,-0.284238,0.0,-0.284238,0.0,-0.011159,-0.111594,-2.713204,2.505903,0.176955,0.285433,True
IPSL-CM6A-LR,hurs,Southern Cone,ssp370,full_1950_2100,1950,2100,151,-0.323091,0.0,-0.323091,5e-06,-0.323091,0.0,-0.013059,-0.130591,-2.754558,2.68778,0.185732,0.293362,True
IPSL-CM6A-LR,hurs,Southern Cone,ssp585,full_1950_2100,1950,2100,151,-0.381369,0.0,-0.381369,0.0,-0.381369,0.0,-0.016826,-0.168263,-2.93385,2.50796,0.501574,0.383817,True
IPSL-CM6A-LR,hurs,Subtropical Andes,historical,historical_1950_2014,1950,2014,65,-0.188462,0.026856,-0.188462,0.026856,-0.188462,0.0,-0.017739,-0.177386,-6.680125,6.307992,0.641336,0.13256,True
IPSL-CM6A-LR,hurs,Subtropical Andes,ssp126,projected_2015_2100,2015,2100,86,-0.15513,0.034764,-0.15513,0.034764,-0.15513,0.0,-0.011442,-0.114422,-5.294487,4.845367,-1.164657,0.088135,True
IPSL-CM6A-LR,hurs,Subtropical Andes,ssp245,projected_2015_2100,2015,2100,86,-0.357045,1e-06,-0.357045,1e-06,-0.357045,0.0,-0.031296,-0.312963,-5.50113,6.012975,-1.422207,0.229002,True
IPSL-CM6A-LR,hurs,Subtropical Andes,ssp370,projected_2015_2100,2015,2100,86,-0.542544,0.0,-0.542544,0.0,-0.542544,0.0,-0.049542,-0.495419,-5.08821,4.383567,-0.558568,0.484125,True
IPSL-CM6A-LR,hurs,Subtropical Andes,ssp585,projected_2015_2100,2015,2100,86,-0.650342,0.0,-0.650342,0.0,-0.650342,0.0,-0.080534,-0.80534,-5.396006,4.07064,-0.233655,0.649309,True
IPSL-CM6A-LR,hurs,Subtropical Andes,ssp126,full_1950_2100,1950,2100,151,-0.409272,0.0,-0.409272,0.0,-0.409272,0.0,-0.019181,-0.191815,-3.581585,3.147307,0.551211,0.391938,True
IPSL-CM6A-LR,hurs,Subtropical Andes,ssp245,full_1950_2100,1950,2100,151,-0.567329,0.0,-0.567329,0.0,-0.567329,0.0,-0.034247,-0.342467,-3.898578,3.09415,1.1975,0.592245,True
IPSL-CM6A-LR,hurs,Subtropical Andes,ssp370,full_1950_2100,1950,2100,151,-0.614481,0.0,-0.614481,0.0,-0.614481,0.0,-0.037167,-0.371674,-3.560708,2.69753,1.454558,0.663644,True
IPSL-CM6A-LR,hurs,Subtropical Andes,ssp585,full_1950_2100,1950,2100,151,-0.673289,0.0,-0.673289,0.0,-0.673289,0.0,-0.053014,-0.530143,-3.868414,2.654386,2.334471,0.76707,True
IPSL-CM6A-LR,tas,Central Amazonia,historical,historical_1950_2014,1950,2014,65,0.524038,0.0,0.524038,1e-06,0.524038,0.0,0.028332,0.283322,-2.160642,3.006483,-1.127532,0.683655,True
IPSL-CM6A-LR,tas,Central Amazonia,ssp126,projected_2015_2100,2015,2100,86,0.302052,3.9e-05,0.302052,0.002945,0.302052,5e-06,0.00991,0.099096,-1.71311,2.1587,1.145742,0.425292,True
IPSL-CM6A-LR,tas,Central Amazonia,ssp245,projected_2015_2100,2015,2100,86,0.666484,0.0,0.666484,0.0,0.666484,0.0,0.035213,0.35213,-1.91956,2.714425,0.794049,0.779581,True
IPSL-CM6A-LR,tas,Central Amazonia,ssp370,projected_2015_2100,2015,2100,86,0.806293,0.0,0.806293,0.0,0.806293,0.0,0.059112,0.591118,-1.6803,3.072533,0.32405,0.892107,True
IPSL-CM6A-LR,tas,Central Amazonia,ssp585,projected_2015_2100,2015,2100,86,0.850616,0.0,0.850616,0.0,0.850616,0.0,0.080787,0.807872,-1.378225,3.193167,-0.290657,0.947727,True
IPSL-CM6A-LR,tas,Central Amazonia,ssp126,full_1950_2100,1950,2100,151,0.648653,0.0,0.648653,0.0,0.648653,0.0,0.020889,0.208892,-0.98892,1.438927,-0.394087,0.855668,True
IPSL-CM6A-LR,tas,Central Amazonia,ssp245,full_1950_2100,1950,2100,151,0.770155,0.0,0.770155,0.0,0.770155,0.0,0.031648,0.316481,-1.021642,1.658048,-1.147604,0.907279,True
IPSL-CM6A-LR,tas,Central Amazonia,ssp370,full_1950_2100,1950,2100,151,0.823046,0.0,0.823046,0.0,0.823046,0.0,0.042701,0.427011,-0.882975,1.857271,-1.883479,0.943851,True
IPSL-CM6A-LR,tas,Central Amazonia,ssp585,full_1950_2100,1950,2100,151,0.836998,0.0,0.836998,1.1e-05,0.836998,0.0,0.050465,0.50465,-0.79582,1.97885,-2.574275,0.96518,True
IPSL-CM6A-LR,tas,Northern Tropics,historical,historical_1950_2014,1950,2014,65,0.492308,0.0,0.492308,0.0,0.492308,0.0,0.024058,0.240576,-2.31115,3.031712,-0.915144,0.594673,True
IPSL-CM6A-LR,tas,Northern Tropics,ssp126,projected_2015_2100,2015,2100,86,0.263201,0.000338,0.263201,0.005085,0.263201,2e-06,0.00883,0.0883,-1.818213,2.1814,1.172575,0.35756,True
IPSL-CM6A-LR,tas,Northern Tropics,ssp245,projected_2015_2100,2015,2100,86,0.655814,0.0,0.655814,0.0,0.655814,0.0,0.032569,0.32569,-1.829312,2.510025,0.699419,0.785046,True
IPSL-CM6A-LR,tas,Northern Tropics,ssp370,projected_2015_2100,2015,2100,86,0.797538,0.0,0.797538,0.0,0.797538,0.0,0.055887,0.558868,-1.68045,2.8205,0.308211,0.891321,True
IPSL-CM6A-LR,tas,Northern Tropics,ssp585,projected_2015_2100,2015,2100,86,0.84186,0.0,0.84186,0.0,0.84186,0.0,0.075439,0.754395,-1.412892,3.073815,-0.355678,0.952754,True
IPSL-CM6A-LR,tas,Northern Tropics,ssp126,full_1950_2100,1950,2100,151,0.630464,0.0,0.630464,0.0,0.630464,0.0,0.019933,0.199333,-1.054467,1.391979,-0.4485,0.826995,True
IPSL-CM6A-LR,tas,Northern Tropics,ssp245,full_1950_2100,1950,2100,151,0.758234,0.0,0.758234,0.0,0.758234,0.0,0.028817,0.288167,-1.044805,1.513175,-1.05215,0.897639,True
IPSL-CM6A-LR,tas,Northern Tropics,ssp370,full_1950_2100,1950,2100,151,0.818631,0.0,0.818631,0.0,0.818631,0.0,0.040842,0.408419,-0.87835,1.81575,-1.87404,0.940303,True
IPSL-CM6A-LR,tas,Northern Tropics,ssp585,full_1950_2100,1950,2100,151,0.825342,0.0,0.825342,1.6e-05,0.825342,0.0,0.046571,0.465708,-0.8324,1.821642,-2.418713,0.963348,True
IPSL-CM6A-LR,tas,South America (continental),historical,historical_1950_2014,1950,2014,65,0.517308,0.0,0.517308,0.0,0.517308,0.0,0.018235,0.182347,-1.569446,2.097725,-0.734011,0.667736,True
IPSL-CM6A-LR,tas,South America (continental),ssp126,projected_2015_2100,2015,2100,86,0.347469,2e-06,0.347469,0.001098,0.347469,4e-06,0.008569,0.08569,-1.224175,1.579946,1.199969,0.521885,True
IPSL-CM6A-LR,tas,South America (continental),ssp245,projected_2015_2100,2015,2100,86,0.734063,0.0,0.734063,0.0,0.734063,0.0,0.031133,0.311328,-1.2784,1.89323,0.817908,0.861249,True
IPSL-CM6A-LR,tas,South America (continental),ssp370,projected_2015_2100,2015,2100,86,0.85472,0.0,0.85472,0.0,0.85472,0.0,0.052935,0.52935,-0.91836,2.031638,0.434563,0.945277,True
IPSL-CM6A-LR,tas,South America (continental),ssp585,projected_2015_2100,2015,2100,86,0.887825,0.0,0.887825,0.0,0.887825,0.0,0.07264,0.726404,-0.760308,2.217025,-0.306416,0.970203,True
IPSL-CM6A-LR,tas,South America (continental),ssp126,full_1950_2100,1950,2100,151,0.692097,0.0,0.692097,1e-06,0.692097,0.0,0.019078,0.190778,-0.704372,1.006882,-0.336733,0.908002,True
IPSL-CM6A-LR,tas,South America (continental),ssp245,full_1950_2100,1950,2100,151,0.808918,0.0,0.808918,0.0,0.808918,0.0,0.027872,0.278725,-0.68547,1.158587,-1.046338,0.943422,True
IPSL-CM6A-LR,tas,South America (continental),ssp370,full_1950_2100,1950,2100,151,0.854746,0.0,0.854746,1e-06,0.854746,0.0,0.039529,0.395289,-0.5335,1.294787,-1.876065,0.971046,True
IPSL-CM6A-LR,tas,South America (continental),ssp585,full_1950_2100,1950,2100,151,0.86234,0.0,0.86234,4.1e-05,0.86234,0.0,0.044925,0.449252,-0.486938,1.47945,-2.330291,0.979607,True
IPSL-CM6A-LR,tas,Southern Cone,historical,historical_1950_2014,1950,2014,65,0.248077,0.00355,0.248077,0.011813,0.248077,1.3e-05,0.005506,0.055056,-1.309766,1.4572,-0.169278,0.145872,True
IPSL-CM6A-LR,tas,Southern Cone,ssp126,projected_2015_2100,2015,2100,86,0.244596,0.000866,0.244596,0.006857,0.244596,7e-06,0.005246,0.052456,-1.193252,1.424113,1.207711,0.373741,True
IPSL-CM6A-LR,tas,Southern Cone,ssp245,projected_2015_2100,2015,2100,86,0.70342,0.0,0.70342,0.0,0.70342,0.0,0.023044,0.23044,-1.13365,1.47615,0.69218,0.761885,True
IPSL-CM6A-LR,tas,Southern Cone,ssp370,projected_2015_2100,2015,2100,86,0.822709,0.0,0.822709,0.0,0.822709,0.0,0.037902,0.37902,-0.73812,1.545847,0.781517,0.903123,True
IPSL-CM6A-LR,tas,Southern Cone,ssp585,projected_2015_2100,2015,2100,86,0.867579,0.0,0.867579,0.0,0.867579,0.0,0.053622,0.536218,-0.5361,1.54799,-0.144776,0.965616,True
IPSL-CM6A-LR,tas,Southern Cone,ssp126,full_1950_2100,1950,2100,151,0.617219,0.0,0.617219,5e-06,0.617219,0.0,0.014896,0.148959,-0.681,0.9153,-0.139394,0.874793,True
IPSL-CM6A-LR,tas,Southern Cone,ssp245,full_1950_2100,1950,2100,151,0.758411,0.0,0.758411,0.0,0.758411,0.0,0.020811,0.208113,-0.5761,0.935661,-0.763049,0.905311,True
IPSL-CM6A-LR,tas,Southern Cone,ssp370,full_1950_2100,1950,2100,151,0.80468,0.0,0.80468,3e-06,0.80468,0.0,0.031624,0.31624,-0.494862,1.04666,-1.323,0.955968,True
IPSL-CM6A-LR,tas,Southern Cone,ssp585,full_1950_2100,1950,2100,151,0.815982,0.0,0.815982,0.000118,0.815982,0.0,0.033843,0.338429,-0.429563,1.085638,-1.755314,0.972384,True
IPSL-CM6A-LR,tas,Subtropical Andes,historical,historical_1950_2014,1950,2014,65,0.433654,0.0,0.433654,3e-05,0.433654,0.0,0.015693,0.156931,-1.809225,2.38908,-0.56118,0.524093,True
IPSL-CM6A-LR,tas,Subtropical Andes,ssp126,projected_2015_2100,2015,2100,86,0.364159,1e-06,0.364159,0.001404,0.364159,7e-06,0.010038,0.100381,-1.361362,1.616666,1.241881,0.467475,True
IPSL-CM6A-LR,tas,Subtropical Andes,ssp245,projected_2015_2100,2015,2100,86,0.732969,0.0,0.732969,0.0,0.732969,0.0,0.035095,0.350946,-1.475547,2.178388,0.88923,0.846099,True
IPSL-CM6A-LR,tas,Subtropical Andes,ssp370,projected_2015_2100,2015,2100,86,0.852257,0.0,0.852257,0.0,0.852257,0.0,0.058819,0.58819,-1.0543,2.288642,0.505594,0.933652,True
IPSL-CM6A-LR,tas,Subtropical Andes,ssp585,projected_2015_2100,2015,2100,86,0.863748,0.0,0.863748,0.0,0.863748,0.0,0.080113,0.801129,-1.07695,2.88705,-0.251248,0.954572,True
IPSL-CM6A-LR,tas,Subtropical Andes,ssp126,full_1950_2100,1950,2100,151,0.683002,0.0,0.683002,0.0,0.683002,0.0,0.019923,0.199229,-0.84567,1.08434,-0.315719,0.879639,True
IPSL-CM6A-LR,tas,Subtropical Andes,ssp245,full_1950_2100,1950,2100,151,0.795497,0.0,0.795497,0.0,0.795497,0.0,0.030716,0.307156,-0.824104,1.325545,-1.145069,0.933735,True
IPSL-CM6A-LR,tas,Subtropical Andes,ssp370,full_1950_2100,1950,2100,151,0.838057,0.0,0.838057,3e-06,0.838057,0.0,0.042221,0.422207,-0.674553,1.492057,-2.065849,0.962695,True
IPSL-CM6A-LR,tas,Subtropical Andes,ssp585,full_1950_2100,1950,2100,151,0.842119,0.0,0.842119,7.3e-05,0.842119,0.0,0.049669,0.496692,-0.66165,1.738186,-2.566292,0.971204,True
MIROC6,hurs,Central Amazonia,historical,historical_1950_2014,1950,2014,65,-0.072115,0.398923,-0.072115,0.210168,-0.072115,0.073996,-0.007307,-0.07307,-7.179538,6.827327,0.468823,0.20677,False
MIROC6,hurs,Central Amazonia,ssp126,projected_2015_2100,2015,2100,86,-0.302873,3.7e-05,-0.302873,0.0,-0.302873,0.0,-0.02818,-0.281804,-6.711352,5.497955,0.210865,0.415896,True
MIROC6,hurs,Central Amazonia,ssp245,projected_2015_2100,2015,2100,86,-0.195075,0.007916,-0.195075,0.005905,-0.195075,1.6e-05,-0.01716,-0.171597,-6.393667,5.604042,-0.630012,0.321336,True
MIROC6,hurs,Central Amazonia,ssp370,projected_2015_2100,2015,2100,86,-0.457729,0.0,-0.457729,0.0,-0.457729,0.0,-0.04508,-0.4508,-6.420433,5.049946,-0.36015,0.555942,True
MIROC6,hurs,Central Amazonia,ssp585,projected_2015_2100,2015,2100,86,-0.38933,0.0,-0.38933,0.0,-0.38933,0.0,-0.037265,-0.372654,-7.302896,5.584442,-0.288221,0.498035,True
MIROC6,hurs,Central Amazonia,ssp126,full_1950_2100,1950,2100,151,-0.331744,0.0,-0.331744,0.0,-0.331744,0.0,-0.01673,-0.167295,-3.832083,3.3752,0.844216,0.441024,True
MIROC6,hurs,Central Amazonia,ssp245,full_1950_2100,1950,2100,151,-0.337748,0.0,-0.337748,0.0,-0.337748,0.0,-0.016754,-0.167538,-3.750927,3.3105,0.616738,0.411654,True
MIROC6,hurs,Central Amazonia,ssp370,full_1950_2100,1950,2100,151,-0.496865,0.0,-0.496865,0.0,-0.496865,0.0,-0.029396,-0.293959,-3.705005,3.089012,1.170196,0.629347,True
MIROC6,hurs,Central Amazonia,ssp585,full_1950_2100,1950,2100,151,-0.471082,0.0,-0.471082,0.0,-0.471082,0.0,-0.026987,-0.269871,-3.955162,3.197,1.089136,0.593428,True
MIROC6,hurs,Northern Tropics,historical,historical_1950_2014,1950,2014,65,-0.001923,0.986449,-0.001923,0.972597,-0.001923,0.954076,-0.000216,-0.002159,-6.284113,5.960169,0.170807,0.263831,False
MIROC6,hurs,Northern Tropics,ssp126,projected_2015_2100,2015,2100,86,-0.202189,0.005912,-0.202189,0.000654,-0.202189,0.0,-0.014391,-0.143912,-5.567183,4.755225,0.402425,0.295065,True
MIROC6,hurs,Northern Tropics,ssp245,projected_2015_2100,2015,2100,86,-0.148016,0.043997,-0.148016,,-0.148016,0.0,-0.010335,-0.103346,-4.921183,4.2328,0.111871,0.196777,False
MIROC6,hurs,Northern Tropics,ssp370,projected_2015_2100,2015,2100,86,-0.335705,5e-06,-0.335705,0.0,-0.335705,0.0,-0.025485,-0.254846,-5.1098,4.7046,0.393696,0.373033,True
MIROC6,hurs,Northern Tropics,ssp585,projected_2015_2100,2015,2100,86,-0.325308,9e-06,-0.325308,0.0,-0.325308,0.0,-0.0268,-0.268,-6.14549,4.3943,0.26665,0.416328,True
MIROC6,hurs,Northern Tropics,ssp126,full_1950_2100,1950,2100,151,-0.09404,0.086918,-0.09404,0.069414,-0.09404,0.00012,-0.003603,-0.036026,-3.043342,2.943006,0.209495,0.281064,False
MIROC6,hurs,Northern Tropics,ssp245,full_1950_2100,1950,2100,151,-0.146843,0.007495,-0.146843,0.00084,-0.146843,0.0,-0.005244,-0.052438,-2.856183,2.951364,0.232981,0.244924,True
MIROC6,hurs,Northern Tropics,ssp370,full_1950_2100,1950,2100,151,-0.288477,0.0,-0.288477,1e-06,-0.288477,0.0,-0.011692,-0.116923,-3.1298,2.909489,0.498423,0.394666,True
MIROC6,hurs,Northern Tropics,ssp585,full_1950_2100,1950,2100,151,-0.329272,0.0,-0.329272,0.0,-0.329272,0.0,-0.01439,-0.1439,-3.22398,2.641332,0.68665,0.458323,True
MIROC6,hurs,South America (continental),historical,historical_1950_2014,1950,2014,65,-0.1375,0.106637,-0.1375,0.208055,-0.1375,0.000185,-0.006615,-0.066149,-3.127938,2.581989,0.194177,0.348734,False
MIROC6,hurs,South America (continental),ssp126,projected_2015_2100,2015,2100,86,-0.348564,2e-06,-0.348564,0.0,-0.348564,0.0,-0.01541,-0.154099,-2.856629,2.668864,-0.123631,0.414071,True
MIROC6,hurs,South America (continental),ssp245,projected_2015_2100,2015,2100,86,-0.323666,1e-05,-0.323666,0.000184,-0.323666,0.0,-0.012659,-0.126593,-2.579692,2.220344,-0.485629,0.443448,True
MIROC6,hurs,South America (continental),ssp370,projected_2015_2100,2015,2100,86,-0.437483,0.0,-0.437483,0.0,-0.437483,0.0,-0.019137,-0.191368,-2.696629,2.306613,-0.311534,0.543894,True
MIROC6,hurs,South America (continental),ssp585,projected_2015_2100,2015,2100,86,-0.374008,0.0,-0.374008,0.0,-0.374008,0.0,-0.01795,-0.1795,-3.084996,2.350425,-0.356075,0.450596,True
MIROC6,hurs,South America (continental),ssp126,full_1950_2100,1950,2100,151,-0.420486,0.0,-0.420486,0.0,-0.420486,0.0,-0.010546,-0.105459,-1.6937,1.48834,0.30474,0.538063,True
MIROC6,hurs,South America (continental),ssp245,full_1950_2100,1950,2100,151,-0.476821,0.0,-0.476821,0.0,-0.476821,0.0,-0.012061,-0.120609,-1.515084,1.437479,0.308568,0.617477,True
MIROC6,hurs,South America (continental),ssp370,full_1950_2100,1950,2100,151,-0.527417,0.0,-0.527417,0.0,-0.527417,0.0,-0.014191,-0.141906,-1.60795,1.450971,0.489097,0.677896,True
MIROC6,hurs,South America (continental),ssp585,full_1950_2100,1950,2100,151,-0.563444,0.0,-0.563444,0.0,-0.563444,0.0,-0.016389,-0.163891,-1.764517,1.411542,0.55278,0.699329,True
MIROC6,hurs,Southern Cone,historical,historical_1950_2014,1950,2014,65,-0.065385,0.444696,-0.065385,0.516826,-0.065385,0.11851,-0.005848,-0.058481,-6.05018,6.4289,0.108438,0.354058,False
MIROC6,hurs,Southern Cone,ssp126,projected_2015_2100,2015,2100,86,0.019973,0.788277,0.019973,0.822882,0.019973,0.49014,0.001859,0.018588,-5.80865,6.227808,-0.92685,0.241406,False
MIROC6,hurs,Southern Cone,ssp245,projected_2015_2100,2015,2100,86,-0.20383,0.00552,-0.20383,0.0,-0.20383,0.0,-0.016464,-0.164636,-5.38054,5.75715,-0.142095,0.15803,True
MIROC6,hurs,Southern Cone,ssp370,projected_2015_2100,2015,2100,86,0.074145,0.313907,0.074145,0.301706,0.074145,0.053368,0.005279,0.052791,-4.924835,5.062697,-0.46106,0.224916,False
MIROC6,hurs,Southern Cone,ssp585,projected_2015_2100,2015,2100,86,-0.14145,0.054279,-0.14145,0.097828,-0.14145,0.0,-0.0126,-0.126,-6.494387,6.495325,-0.1638,0.309724,False
MIROC6,hurs,Southern Cone,ssp126,full_1950_2100,1950,2100,151,-0.161501,0.003271,-0.161501,0.001536,-0.161501,0.0,-0.008132,-0.08132,-3.694607,3.7035,0.0452,0.331669,True
MIROC6,hurs,Southern Cone,ssp245,full_1950_2100,1950,2100,151,-0.252274,4e-06,-0.252274,5.2e-05,-0.252274,0.0,-0.011206,-0.112065,-3.37474,3.281625,0.262384,0.302068,True
MIROC6,hurs,Southern Cone,ssp370,full_1950_2100,1950,2100,151,-0.040177,0.465117,-0.040177,0.502805,-0.040177,0.204168,-0.001636,-0.016358,-3.027425,3.26333,-0.095611,0.293065,False
MIROC6,hurs,Southern Cone,ssp585,full_1950_2100,1950,2100,151,-0.221545,5.5e-05,-0.221545,0.00041,-0.221545,0.0,-0.010938,-0.109385,-3.732621,3.523089,0.314585,0.38908,True
MIROC6,hurs,Subtropical Andes,historical,historical_1950_2014,1950,2014,65,-0.080769,0.344429,-0.080769,0.184984,-0.080769,0.006356,-0.00578,-0.057803,-6.649327,5.765334,0.204371,0.164238,False
MIROC6,hurs,Subtropical Andes,ssp126,projected_2015_2100,2015,2100,86,-0.249521,0.000679,-0.249521,0.001917,-0.249521,0.0,-0.022878,-0.228784,-6.431167,5.1787,-0.169417,0.362422,True
MIROC6,hurs,Subtropical Andes,ssp245,projected_2015_2100,2015,2100,86,-0.088098,0.231194,-0.088098,0.231194,-0.088098,0.059717,-0.006514,-0.06514,-5.12162,5.120846,-0.959855,0.193798,False
MIROC6,hurs,Subtropical Andes,ssp370,projected_2015_2100,2015,2100,86,-0.167715,0.02245,-0.167715,0.05878,-0.167715,3e-06,-0.011975,-0.11975,-4.8002,4.419203,-0.563962,0.241084,False
MIROC6,hurs,Subtropical Andes,ssp585,projected_2015_2100,2015,2100,86,0.090014,0.221183,0.090014,0.221183,0.090014,0.000281,0.006237,0.062375,-5.58725,5.50445,-1.625494,0.050554,False
MIROC6,hurs,Subtropical Andes,ssp126,full_1950_2100,1950,2100,151,-0.287682,0.0,-0.287682,4.3e-05,-0.287682,0.0,-0.013765,-0.13765,-3.603471,3.333135,0.478479,0.369109,True
MIROC6,hurs,Subtropical Andes,ssp245,full_1950_2100,1950,2100,151,-0.315408,0.0,-0.315408,0.0,-0.315408,0.0,-0.013776,-0.137764,-3.038979,2.934936,0.216332,0.335469,True
MIROC6,hurs,Subtropical Andes,ssp370,full_1950_2100,1950,2100,151,-0.316556,0.0,-0.316556,0.0,-0.316556,0.0,-0.013257,-0.132571,-2.879092,2.906386,0.422786,0.362671,True
MIROC6,hurs,Subtropical Andes,ssp585,full_1950_2100,1950,2100,151,-0.267638,1e-06,-0.267638,1e-06,-0.267638,0.0,-0.012297,-0.122973,-3.324054,3.160156,0.049695,0.295568,True
MIROC6,tas,Central Amazonia,historical,historical_1950_2014,1950,2014,65,0.210577,0.01336,0.210577,3e-06,0.210577,0.0,0.007702,0.077017,-2.21296,2.7069,-0.396356,0.348908,True
MIROC6,tas,Central Amazonia,ssp126,projected_2015_2100,2015,2100,86,0.279343,0.000142,0.279343,1.5e-05,0.279343,0.0,0.010891,0.108911,-2.28716,2.972976,0.622778,0.441075,True
MIROC6,tas,Central Amazonia,ssp245,projected_2015_2100,2015,2100,86,0.505335,0.0,0.505335,0.0,0.505335,0.0,0.022291,0.222907,-1.810475,2.817925,0.521295,0.617009,True
MIROC6,tas,Central Amazonia,ssp370,projected_2015_2100,2015,2100,86,0.735157,0.0,0.735157,,0.735157,0.0,0.042058,0.420583,-1.74605,3.0827,0.072971,0.829795,False
MIROC6,tas,Central Amazonia,ssp585,projected_2015_2100,2015,2100,86,0.732969,0.0,0.732969,0.0,0.732969,0.0,0.050264,0.502635,-1.927883,3.4507,0.069251,0.864055,True
MIROC6,tas,Central Amazonia,ssp126,full_1950_2100,1950,2100,151,0.541192,0.0,0.541192,0.0,0.541192,0.0,0.013661,0.136608,-1.253,1.568462,-0.377161,0.704177,True
MIROC6,tas,Central Amazonia,ssp245,full_1950_2100,1950,2100,151,0.624547,0.0,0.624547,0.0,0.624547,0.0,0.018783,0.187827,-1.16846,1.601267,-0.633602,0.791787,True
MIROC6,tas,Central Amazonia,ssp370,full_1950_2100,1950,2100,151,0.719735,0.0,0.719735,0.0,0.719735,0.0,0.027883,0.278826,-1.026443,1.619851,-1.190996,0.892773,True
MIROC6,tas,Central Amazonia,ssp585,full_1950_2100,1950,2100,151,0.718146,0.0,0.718146,1e-06,0.718146,0.0,0.031884,0.318837,-1.107606,1.925487,-1.508179,0.911562,True
MIROC6,tas,Northern Tropics,historical,historical_1950_2014,1950,2014,65,0.224038,0.008475,0.224038,0.000694,0.224038,0.0,0.006389,0.063886,-1.88675,2.541058,-0.286834,0.355079,True
MIROC6,tas,Northern Tropics,ssp126,projected_2015_2100,2015,2100,86,0.351026,2e-06,0.351026,2.3e-05,0.351026,0.0,0.011256,0.112563,-1.703538,2.1428,0.632359,0.539825,True
MIROC6,tas,Northern Tropics,ssp245,projected_2015_2100,2015,2100,86,0.596717,0.0,0.596717,0.0,0.596717,0.0,0.022477,0.224773,-1.295583,2.133017,0.496566,0.758843,True
MIROC6,tas,Northern Tropics,ssp370,projected_2015_2100,2015,2100,86,0.781122,0.0,0.781122,0.0,0.781122,0.0,0.040801,0.408014,-1.320917,2.3503,0.217042,0.892048,True
MIROC6,tas,Northern Tropics,ssp585,projected_2015_2100,2015,2100,86,0.821067,0.0,0.821067,0.0,0.821067,0.0,0.050046,0.500462,-1.1426,2.493812,0.152538,0.932291,True
MIROC6,tas,Northern Tropics,ssp126,full_1950_2100,1950,2100,151,0.598764,0.0,0.598764,0.0,0.598764,0.0,0.013444,0.134438,-0.937912,1.256457,-0.385586,0.787003,True
MIROC6,tas,Northern Tropics,ssp245,full_1950_2100,1950,2100,151,0.673289,0.0,0.673289,0.0,0.673289,0.0,0.018184,0.181843,-0.837371,1.25219,-0.672922,0.864744,True
MIROC6,tas,Northern Tropics,ssp370,full_1950_2100,1950,2100,151,0.747108,0.0,0.747108,1e-06,0.747108,0.0,0.027746,0.277461,-0.772725,1.344429,-1.227757,0.931679,True
MIROC6,tas,Northern Tropics,ssp585,full_1950_2100,1950,2100,151,0.761943,0.0,0.761943,2.2e-05,0.761943,0.0,0.032043,0.320426,-0.751455,1.443486,-1.562491,0.951315,True
MIROC6,tas,South America (continental),historical,historical_1950_2014,1950,2014,65,0.338462,6.9e-05,0.338462,2.8e-05,0.338462,0.0,0.008387,0.083874,-1.20635,1.713169,-0.316897,0.524649,True
MIROC6,tas,South America (continental),ssp126,projected_2015_2100,2015,2100,86,0.359508,1e-06,0.359508,0.000323,0.359508,0.0,0.008009,0.080086,-1.07025,1.533012,0.772436,0.559164,True
MIROC6,tas,South America (continental),ssp245,projected_2015_2100,2015,2100,86,0.683721,0.0,0.683721,0.0,0.683721,0.0,0.020353,0.203528,-0.858083,1.514492,0.590657,0.838969,True
MIROC6,tas,South America (continental),ssp370,projected_2015_2100,2015,2100,86,0.828728,0.0,0.828728,0.0,0.828728,0.0,0.035138,0.351385,-0.851875,1.73095,0.341115,0.924864,True
MIROC6,tas,South America (continental),ssp585,projected_2015_2100,2015,2100,86,0.848427,0.0,0.848427,0.0,0.848427,0.0,0.043991,0.439911,-0.728967,1.747558,0.056429,0.954052,True
MIROC6,tas,South America (continental),ssp126,full_1950_2100,1950,2100,151,0.653068,0.0,0.653068,0.0,0.653068,0.0,0.012771,0.127714,-0.611397,0.91429,-0.261357,0.869112,True
MIROC6,tas,South America (continental),ssp245,full_1950_2100,1950,2100,151,0.74234,0.0,0.74234,0.0,0.74234,0.0,0.017613,0.176128,-0.5495,0.912925,-0.732957,0.923315,True
MIROC6,tas,South America (continental),ssp370,full_1950_2100,1950,2100,151,0.802737,0.0,0.802737,1e-06,0.802737,0.0,0.025402,0.254022,-0.497648,0.989842,-1.152467,0.958021,True
MIROC6,tas,South America (continental),ssp585,full_1950_2100,1950,2100,151,0.809625,0.0,0.809625,2.3e-05,0.809625,0.0,0.02906,0.2906,-0.491,1.10695,-1.4452,0.97028,True
MIROC6,tas,Southern Cone,historical,historical_1950_2014,1950,2014,65,0.480769,0.0,0.480769,0.0,0.480769,0.0,0.01033,0.103304,-0.870615,1.191552,-0.333472,0.455784,True
MIROC6,tas,Southern Cone,ssp126,projected_2015_2100,2015,2100,86,0.138167,0.06013,0.138167,0.104062,0.138167,0.00695,0.002448,0.024479,-1.12023,1.209675,0.845564,0.210342,False
MIROC6,tas,Southern Cone,ssp245,projected_2015_2100,2015,2100,86,0.633926,0.0,0.633926,0.0,0.633926,0.0,0.016247,0.162469,-0.991642,1.228208,0.349555,0.705104,True
MIROC6,tas,Southern Cone,ssp370,projected_2015_2100,2015,2100,86,0.740629,0.0,0.740629,0.0,0.740629,0.0,0.021873,0.218729,-0.85846,1.323867,0.465903,0.811253,True
MIROC6,tas,Southern Cone,ssp585,projected_2015_2100,2015,2100,86,0.787688,0.0,0.787688,0.0,0.787688,0.0,0.033697,0.336969,-0.873,1.627805,0.040733,0.903154,True
MIROC6,tas,Southern Cone,ssp126,full_1950_2100,1950,2100,151,0.611656,0.0,0.611656,1e-06,0.611656,0.0,0.010855,0.108548,-0.557843,0.734237,-0.24821,0.812335,True
MIROC6,tas,Southern Cone,ssp245,full_1950_2100,1950,2100,151,0.761766,0.0,0.761766,0.0,0.761766,0.0,0.014088,0.140878,-0.514034,0.700535,-0.526385,0.872289,True
MIROC6,tas,Southern Cone,ssp370,full_1950_2100,1950,2100,151,0.812804,0.0,0.812804,0.0,0.812804,0.0,0.01911,0.191105,-0.465075,0.77918,-0.642286,0.925966,True
MIROC6,tas,Southern Cone,ssp585,full_1950_2100,1950,2100,151,0.815099,0.0,0.815099,4e-06,0.815099,0.0,0.021613,0.21613,-0.48832,0.92998,-1.064578,0.942511,True
MIROC6,tas,Subtropical Andes,historical,historical_1950_2014,1950,2014,65,0.286538,0.000756,0.286538,0.006647,0.286538,0.0,0.008057,0.080567,-1.544698,2.011912,-0.316816,0.389314,True
MIROC6,tas,Subtropical Andes,ssp126,projected_2015_2100,2015,2100,86,0.332695,6e-06,0.332695,3e-06,0.332695,0.0,0.00838,0.0838,-1.38238,1.7459,0.7841,0.40521,True
MIROC6,tas,Subtropical Andes,ssp245,projected_2015_2100,2015,2100,86,0.664022,0.0,0.664022,0.0,0.664022,0.0,0.021936,0.21936,-1.044475,1.585094,0.63242,0.822545,True
MIROC6,tas,Subtropical Andes,ssp370,projected_2015_2100,2015,2100,86,0.803557,0.0,0.803557,0.0,0.803557,0.0,0.036172,0.361719,-1.004442,1.97575,0.289895,0.900111,True
MIROC6,tas,Subtropical Andes,ssp585,projected_2015_2100,2015,2100,86,0.839124,0.0,0.839124,0.0,0.839124,0.0,0.04134,0.413403,-0.87687,1.80605,0.291937,0.932382,True
MIROC6,tas,Subtropical Andes,ssp126,full_1950_2100,1950,2100,151,0.6234,0.0,0.6234,0.0,0.6234,0.0,0.013153,0.131534,-0.78898,1.005012,-0.306606,0.794789,True
MIROC6,tas,Subtropical Andes,ssp245,full_1950_2100,1950,2100,151,0.726093,0.0,0.726093,0.0,0.726093,0.0,0.019246,0.192463,-0.690306,1.00688,-0.810172,0.907057,True
MIROC6,tas,Subtropical Andes,ssp370,full_1950_2100,1950,2100,151,0.778896,0.0,0.778896,1e-06,0.778896,0.0,0.025888,0.25888,-0.655667,1.109068,-1.1739,0.938479,True
MIROC6,tas,Subtropical Andes,ssp585,full_1950_2100,1950,2100,151,0.803444,0.0,0.803444,3e-06,0.803444,0.0,0.029936,0.299363,-0.59769,1.12338,-1.423919,0.957227,True
MPI-ESM1-2-HR,hurs,Central Amazonia,historical,historical_1950_2014,1950,2014,65,-0.078846,0.356108,-0.078846,0.465587,-0.078846,0.000757,-0.007412,-0.074118,-6.241733,6.078791,0.337177,0.305031,False
MPI-ESM1-2-HR,hurs,Central Amazonia,ssp126,projected_2015_2100,2015,2100,86,0.012312,0.869642,0.012312,0.824012,0.012312,0.728782,0.00064,0.0064,-5.102492,4.5292,-0.6715,0.16904,False
MPI-ESM1-2-HR,hurs,Central Amazonia,ssp245,projected_2015_2100,2015,2100,86,-0.249248,0.000688,-0.249248,4e-06,-0.249248,0.0,-0.017362,-0.173619,-4.815308,4.6989,-0.796519,0.395766,True
MPI-ESM1-2-HR,hurs,Central Amazonia,ssp370,projected_2015_2100,2015,2100,86,-0.436389,0.0,-0.436389,0.0,-0.436389,0.0,-0.038154,-0.381538,-5.182375,4.073203,-0.749962,0.465338,True
MPI-ESM1-2-HR,hurs,Central Amazonia,ssp585,projected_2015_2100,2015,2100,86,-0.660739,0.0,-0.660739,0.0,-0.660739,0.0,-0.079947,-0.799475,-6.152767,4.585621,-0.111933,0.779179,True
MPI-ESM1-2-HR,hurs,Central Amazonia,ssp126,full_1950_2100,1950,2100,151,-0.194349,0.000401,-0.194349,0.000372,-0.194349,0.0,-0.008378,-0.083781,-2.998362,3.038177,0.238056,0.314082,True
MPI-ESM1-2-HR,hurs,Central Amazonia,ssp245,full_1950_2100,1950,2100,151,-0.417748,0.0,-0.417748,0.0,-0.417748,0.0,-0.01942,-0.194203,-3.045292,2.908975,0.601724,0.559948,True
MPI-ESM1-2-HR,hurs,Central Amazonia,ssp370,full_1950_2100,1950,2100,151,-0.552494,0.0,-0.552494,0.0,-0.552494,0.0,-0.03092,-0.3092,-3.34273,2.660211,1.1243,0.678051,True
MPI-ESM1-2-HR,hurs,Central Amazonia,ssp585,full_1950_2100,1950,2100,151,-0.620839,0.0,-0.620839,0.0,-0.620839,0.0,-0.048417,-0.48417,-3.455458,2.846156,2.280177,0.834678,True
MPI-ESM1-2-HR,hurs,Northern Tropics,historical,historical_1950_2014,1950,2014,65,-0.014423,0.869589,-0.014423,0.872949,-0.014423,0.787286,-0.000778,-0.007776,-3.207808,3.064412,0.071184,0.376255,False
MPI-ESM1-2-HR,hurs,Northern Tropics,ssp126,projected_2015_2100,2015,2100,86,-0.146101,0.046809,-0.146101,0.111941,-0.146101,0.000244,-0.006907,-0.069065,-3.4353,3.044342,-0.148123,0.353988,False
MPI-ESM1-2-HR,hurs,Northern Tropics,ssp245,projected_2015_2100,2015,2100,86,-0.29959,4.5e-05,-0.29959,0.000122,-0.29959,0.0,-0.01356,-0.1356,-3.190558,2.881517,0.11025,0.46564,True
MPI-ESM1-2-HR,hurs,Northern Tropics,ssp370,projected_2015_2100,2015,2100,86,-0.589603,0.0,-0.589603,0.0,-0.589603,0.0,-0.035859,-0.358593,-3.355,2.61887,0.458271,0.754538,True
MPI-ESM1-2-HR,hurs,Northern Tropics,ssp585,projected_2015_2100,2015,2100,86,-0.630643,0.0,-0.630643,0.0,-0.630643,0.0,-0.047335,-0.47335,-3.89798,2.495725,0.309438,0.819383,True
MPI-ESM1-2-HR,hurs,Northern Tropics,ssp126,full_1950_2100,1950,2100,151,-0.188433,0.0006,-0.188433,0.003569,-0.188433,0.0,-0.004914,-0.049143,-1.73814,1.79018,0.161071,0.3939,True
MPI-ESM1-2-HR,hurs,Northern Tropics,ssp245,full_1950_2100,1950,2100,151,-0.26181,2e-06,-0.26181,1.3e-05,-0.26181,0.0,-0.006577,-0.065769,-1.79546,1.733579,0.265769,0.477526,True
MPI-ESM1-2-HR,hurs,Northern Tropics,ssp370,full_1950_2100,1950,2100,151,-0.499338,0.0,-0.499338,0.0,-0.499338,0.0,-0.017113,-0.171133,-2.0109,1.566021,0.7336,0.763893,True
MPI-ESM1-2-HR,hurs,Northern Tropics,ssp585,full_1950_2100,1950,2100,151,-0.509227,0.0,-0.509227,0.00046,-0.509227,0.0,-0.02266,-0.226598,-2.09604,1.53993,1.176987,0.830038,True
MPI-ESM1-2-HR,hurs,South America (continental),historical,historical_1950_2014,1950,2014,65,-0.145192,0.088367,-0.145192,0.057621,-0.145192,0.000308,-0.007656,-0.076563,-3.353358,3.561492,0.342601,0.216028,False
MPI-ESM1-2-HR,hurs,South America (continental),ssp126,projected_2015_2100,2015,2100,86,0.062654,0.3951,0.062654,0.53346,0.062654,0.31591,0.002172,0.021717,-2.642417,2.717725,-0.789699,0.306349,False
MPI-ESM1-2-HR,hurs,South America (continental),ssp245,projected_2015_2100,2015,2100,86,-0.280438,0.000134,-0.280438,1e-05,-0.280438,0.0,-0.011319,-0.113189,-2.59327,2.42197,-0.670948,0.281193,True
MPI-ESM1-2-HR,hurs,South America (continental),ssp370,projected_2015_2100,2015,2100,86,-0.540356,0.0,-0.540356,0.0,-0.540356,0.0,-0.028822,-0.288222,-2.761392,2.155694,-0.461056,0.564823,True
MPI-ESM1-2-HR,hurs,South America (continental),ssp585,projected_2015_2100,2015,2100,86,-0.674419,0.0,-0.674419,0.0,-0.674419,0.0,-0.04769,-0.476902,-3.208,2.322092,-0.555465,0.800469,True
MPI-ESM1-2-HR,hurs,South America (continental),ssp126,full_1950_2100,1950,2100,151,-0.281766,0.0,-0.281766,0.001946,-0.281766,0.0,-0.00727,-0.072697,-1.69928,1.648686,0.220625,0.437095,True
MPI-ESM1-2-HR,hurs,South America (continental),ssp245,full_1950_2100,1950,2100,151,-0.512053,0.0,-0.512053,0.0,-0.512053,0.0,-0.014915,-0.149152,-1.69355,1.518836,0.412336,0.59932,True
MPI-ESM1-2-HR,hurs,South America (continental),ssp370,full_1950_2100,1950,2100,151,-0.641678,0.0,-0.641678,0.0,-0.641678,0.0,-0.024257,-0.242573,-1.967315,1.425218,0.907694,0.76129,True
MPI-ESM1-2-HR,hurs,South America (continental),ssp585,full_1950_2100,1950,2100,151,-0.680883,0.0,-0.680883,0.0,-0.680883,0.0,-0.03325,-0.3325,-2.037762,1.55725,1.50995,0.864059,True
MPI-ESM1-2-HR,hurs,Southern Cone,historical,historical_1950_2014,1950,2014,65,-0.080769,0.344429,-0.080769,0.460543,-0.080769,0.067387,-0.009372,-0.093721,-6.203275,6.746362,0.316107,0.35739,False
MPI-ESM1-2-HR,hurs,Southern Cone,ssp126,projected_2015_2100,2015,2100,86,0.115732,0.115489,0.115732,0.084726,0.115732,0.000124,0.008563,0.085627,-4.48065,4.754225,-0.594264,0.249635,False
MPI-ESM1-2-HR,hurs,Southern Cone,ssp245,projected_2015_2100,2015,2100,86,-0.103694,0.158575,-0.103694,0.158575,-0.103694,5.2e-05,-0.006912,-0.069123,-4.737658,4.698325,-0.457025,-0.039146,False
MPI-ESM1-2-HR,hurs,Southern Cone,ssp370,projected_2015_2100,2015,2100,86,-0.249795,0.00067,-0.249795,3.4e-05,-0.249795,0.0,-0.019866,-0.198658,-5.33016,4.92214,-0.247154,0.24139,True
MPI-ESM1-2-HR,hurs,Southern Cone,ssp585,projected_2015_2100,2015,2100,86,-0.145828,0.047225,-0.145828,0.047225,-0.145828,0.0,-0.011348,-0.113479,-5.588608,4.8801,-1.110714,0.019402,True
MPI-ESM1-2-HR,hurs,Southern Cone,ssp126,full_1950_2100,1950,2100,151,-0.061898,0.260064,-0.061898,0.372015,-0.061898,0.064499,-0.002943,-0.029426,-3.031195,3.009807,0.138294,0.319741,False
MPI-ESM1-2-HR,hurs,Southern Cone,ssp245,full_1950_2100,1950,2100,151,-0.285121,0.0,-0.285121,0.0,-0.285121,0.0,-0.012373,-0.123727,-3.063786,3.116332,0.443155,0.325637,True
MPI-ESM1-2-HR,hurs,Southern Cone,ssp370,full_1950_2100,1950,2100,151,-0.320795,0.0,-0.320795,0.0,-0.320795,0.0,-0.015194,-0.15194,-3.473421,3.19874,0.706749,0.402932,True
MPI-ESM1-2-HR,hurs,Southern Cone,ssp585,full_1950_2100,1950,2100,151,-0.355232,0.0,-0.355232,0.0,-0.355232,0.0,-0.017795,-0.177949,-3.439167,3.13372,0.608915,0.392724,True
MPI-ESM1-2-HR,hurs,Subtropical Andes,historical,historical_1950_2014,1950,2014,65,-0.178846,0.035696,-0.178846,0.035696,-0.178846,4e-06,-0.018817,-0.188167,-7.113275,6.381337,0.853633,0.135139,True
MPI-ESM1-2-HR,hurs,Subtropical Andes,ssp126,projected_2015_2100,2015,2100,86,0.11409,0.120754,0.11409,0.258124,0.11409,0.113125,0.009893,0.098934,-5.234725,6.226733,-1.64522,0.266931,False
MPI-ESM1-2-HR,hurs,Subtropical Andes,ssp245,projected_2015_2100,2015,2100,86,-0.074145,0.313907,-0.074145,0.361159,-0.074145,0.030263,-0.006789,-0.067892,-5.977883,5.47954,-1.267459,0.227492,False
MPI-ESM1-2-HR,hurs,Subtropical Andes,ssp370,projected_2015_2100,2015,2100,86,-0.247059,0.000767,-0.247059,0.000149,-0.247059,0.0,-0.021515,-0.215149,-5.960475,5.408733,-1.687066,0.269029,True
MPI-ESM1-2-HR,hurs,Subtropical Andes,ssp585,projected_2015_2100,2015,2100,86,-0.473598,0.0,-0.473598,0.0,-0.473598,0.0,-0.053637,-0.536369,-6.492444,5.774925,-0.889931,0.595878,True
MPI-ESM1-2-HR,hurs,Subtropical Andes,ssp126,full_1950_2100,1950,2100,151,-0.243091,1e-05,-0.243091,0.013872,-0.243091,1.4e-05,-0.013475,-0.134752,-3.677688,3.473691,0.426742,0.353548,True
MPI-ESM1-2-HR,hurs,Subtropical Andes,ssp245,full_1950_2100,1950,2100,151,-0.374128,0.0,-0.374128,0.0,-0.374128,0.0,-0.021443,-0.214434,-3.746987,3.449738,0.771955,0.426052,True
MPI-ESM1-2-HR,hurs,Subtropical Andes,ssp370,full_1950_2100,1950,2100,151,-0.52,0.0,-0.52,0.0,-0.52,0.0,-0.032895,-0.328949,-3.887563,3.2995,1.07222,0.592391,True
MPI-ESM1-2-HR,hurs,Subtropical Andes,ssp585,full_1950_2100,1950,2100,151,-0.589227,0.0,-0.589227,0.0,-0.589227,0.0,-0.043778,-0.437776,-4.071635,3.44465,1.867116,0.715671,True
MPI-ESM1-2-HR,tas,Central Amazonia,historical,historical_1950_2014,1950,2014,65,0.443269,0.0,0.443269,3.2e-05,0.443269,0.0,0.017731,0.177314,-2.341569,2.6463,-0.683703,0.615513,True
MPI-ESM1-2-HR,tas,Central Amazonia,ssp126,projected_2015_2100,2015,2100,86,0.125855,0.086895,0.125855,0.237654,0.125855,0.030297,0.003906,0.039058,-1.723889,1.895575,0.814255,0.406708,False
MPI-ESM1-2-HR,tas,Central Amazonia,ssp245,projected_2015_2100,2015,2100,86,0.527223,0.0,0.527223,0.0,0.527223,0.0,0.021376,0.213763,-2.123833,2.371437,0.480608,0.693865,True
MPI-ESM1-2-HR,tas,Central Amazonia,ssp370,projected_2015_2100,2015,2100,86,0.725855,0.0,0.725855,0.0,0.725855,0.0,0.039875,0.39875,-1.61305,2.465846,0.203162,0.845992,True
MPI-ESM1-2-HR,tas,Central Amazonia,ssp585,projected_2015_2100,2015,2100,86,0.769083,0.0,0.769083,0.0,0.769083,0.0,0.051185,0.511853,-1.652525,2.837842,0.137175,0.880411,True
MPI-ESM1-2-HR,tas,Central Amazonia,ssp126,full_1950_2100,1950,2100,151,0.537042,0.0,0.537042,1e-06,0.537042,0.0,0.012488,0.124879,-1.01238,1.21308,-0.334391,0.758839,True
MPI-ESM1-2-HR,tas,Central Amazonia,ssp245,full_1950_2100,1950,2100,151,0.686887,0.0,0.686887,0.0,0.686887,0.0,0.019494,0.194944,-1.1115,1.39275,-0.693183,0.851001,True
MPI-ESM1-2-HR,tas,Central Amazonia,ssp370,full_1950_2100,1950,2100,151,0.771302,0.0,0.771302,0.0,0.771302,0.0,0.028412,0.284123,-0.92084,1.45758,-1.271421,0.916975,True
MPI-ESM1-2-HR,tas,Central Amazonia,ssp585,full_1950_2100,1950,2100,151,0.783311,0.0,0.783311,0.0,0.783311,0.0,0.033752,0.337519,-0.98695,1.644883,-1.664489,0.931124,True
MPI-ESM1-2-HR,tas,Northern Tropics,historical,historical_1950_2014,1950,2014,65,0.454808,0.0,0.454808,6.9e-05,0.454808,0.0,0.015054,0.15054,-1.651438,1.967508,-0.573728,0.708163,True
MPI-ESM1-2-HR,tas,Northern Tropics,ssp126,projected_2015_2100,2015,2100,86,0.160602,0.028838,0.160602,0.188322,0.160602,0.010089,0.00394,0.039404,-1.332637,1.628042,0.861932,0.487564,False
MPI-ESM1-2-HR,tas,Northern Tropics,ssp245,projected_2015_2100,2015,2100,86,0.593981,0.0,0.593981,0.0,0.593981,0.0,0.020263,0.202634,-1.49893,1.864438,0.519855,0.792403,True
MPI-ESM1-2-HR,tas,Northern Tropics,ssp370,projected_2015_2100,2015,2100,86,0.770178,0.0,0.770178,0.0,0.770178,0.0,0.038692,0.386921,-1.163912,2.195425,0.244087,0.911777,True
MPI-ESM1-2-HR,tas,Northern Tropics,ssp585,projected_2015_2100,2015,2100,86,0.821067,0.0,0.821067,0.0,0.821067,0.0,0.047388,0.473875,-1.142022,2.033883,0.132531,0.936349,True
MPI-ESM1-2-HR,tas,Northern Tropics,ssp126,full_1950_2100,1950,2100,151,0.585519,0.0,0.585519,3e-06,0.585519,0.0,0.012712,0.127118,-0.813567,1.003836,-0.296682,0.850652,True
MPI-ESM1-2-HR,tas,Northern Tropics,ssp245,full_1950_2100,1950,2100,151,0.722561,0.0,0.722561,0.0,0.722561,0.0,0.01832,0.183196,-0.867225,1.082467,-0.597971,0.905399,True
MPI-ESM1-2-HR,tas,Northern Tropics,ssp370,full_1950_2100,1950,2100,151,0.801678,0.0,0.801678,0.0,0.801678,0.0,0.027887,0.278868,-0.672788,1.234,-1.207713,0.954165,True
MPI-ESM1-2-HR,tas,Northern Tropics,ssp585,full_1950_2100,1950,2100,151,0.813687,0.0,0.813687,1e-06,0.813687,0.0,0.031671,0.316707,-0.63875,1.299725,-1.571402,0.962364,True
MPI-ESM1-2-HR,tas,South America (continental),historical,historical_1950_2014,1950,2014,65,0.498077,0.0,0.498077,6e-06,0.498077,0.0,0.014339,0.143393,-1.402245,1.778793,-0.557157,0.668943,True
MPI-ESM1-2-HR,tas,South America (continental),ssp126,projected_2015_2100,2015,2100,86,0.152941,0.037411,0.152941,0.227684,0.152941,0.061285,0.003067,0.030673,-1.076375,1.287175,0.810689,0.497373,False
MPI-ESM1-2-HR,tas,South America (continental),ssp245,projected_2015_2100,2015,2100,86,0.640766,0.0,0.640766,0.0,0.640766,0.0,0.01979,0.197898,-1.123725,1.530962,0.588582,0.837319,True
MPI-ESM1-2-HR,tas,South America (continental),ssp370,projected_2015_2100,2015,2100,86,0.816416,0.0,0.816416,0.0,0.816416,0.0,0.037719,0.37719,-0.889335,1.670275,0.34724,0.93286,True
MPI-ESM1-2-HR,tas,South America (continental),ssp585,projected_2015_2100,2015,2100,86,0.850616,0.0,0.850616,0.0,0.850616,0.0,0.04649,0.464903,-0.844408,1.75286,0.256763,0.959377,True
MPI-ESM1-2-HR,tas,South America (continental),ssp126,full_1950_2100,1950,2100,151,0.600883,0.0,0.600883,2.5e-05,0.600883,0.0,0.012129,0.121286,-0.658489,0.85289,-0.258843,0.865378,True
MPI-ESM1-2-HR,tas,South America (continental),ssp245,full_1950_2100,1950,2100,151,0.762208,0.0,0.762208,0.0,0.762208,0.0,0.018486,0.184864,-0.6092,0.94643,-0.626977,0.925922,True
MPI-ESM1-2-HR,tas,South America (continental),ssp370,full_1950_2100,1950,2100,151,0.834084,0.0,0.834084,0.0,0.834084,0.0,0.02759,0.2759,-0.454225,1.064893,-1.14255,0.96298,True
MPI-ESM1-2-HR,tas,South America (continental),ssp585,full_1950_2100,1950,2100,151,0.839647,0.0,0.839647,7e-06,0.839647,0.0,0.031711,0.317111,-0.477374,1.136597,-1.549233,0.972375,True
MPI-ESM1-2-HR,tas,Southern Cone,historical,historical_1950_2014,1950,2014,65,0.338462,6.9e-05,0.338462,4e-06,0.338462,0.0,0.010457,0.104571,-1.695275,1.670537,-0.402927,0.318248,True
MPI-ESM1-2-HR,tas,Southern Cone,ssp126,projected_2015_2100,2015,2100,86,0.073051,0.32113,0.073051,0.32113,0.073051,0.181228,0.001162,0.011621,-1.137023,1.140425,0.78126,0.126374,False
MPI-ESM1-2-HR,tas,Southern Cone,ssp245,projected_2015_2100,2015,2100,86,0.577018,0.0,0.577018,0.0,0.577018,0.0,0.016996,0.169958,-1.14868,1.486093,0.49348,0.694446,True
MPI-ESM1-2-HR,tas,Southern Cone,ssp370,projected_2015_2100,2015,2100,86,0.776744,0.0,0.776744,0.0,0.776744,0.0,0.030589,0.305889,-0.885183,1.464517,0.314822,0.872151,True
MPI-ESM1-2-HR,tas,Southern Cone,ssp585,projected_2015_2100,2015,2100,86,0.77948,0.0,0.77948,0.0,0.77948,0.0,0.035682,0.356824,-1.018342,1.7029,0.06185,0.884367,True
MPI-ESM1-2-HR,tas,Southern Cone,ssp126,full_1950_2100,1950,2100,151,0.546667,0.0,0.546667,2.1e-05,0.546667,0.0,0.009416,0.09416,-0.657956,0.831275,-0.134897,0.73244,True
MPI-ESM1-2-HR,tas,Southern Cone,ssp245,full_1950_2100,1950,2100,151,0.707903,0.0,0.707903,0.0,0.707903,0.0,0.015285,0.152849,-0.69217,0.938741,-0.597568,0.846093,True
MPI-ESM1-2-HR,tas,Southern Cone,ssp370,full_1950_2100,1950,2100,151,0.790199,0.0,0.790199,0.0,0.790199,0.0,0.023128,0.231278,-0.547208,1.02114,-0.977383,0.925884,True
MPI-ESM1-2-HR,tas,Southern Cone,ssp585,full_1950_2100,1950,2100,151,0.792494,0.0,0.792494,3e-06,0.792494,0.0,0.024209,0.242091,-0.604125,1.071412,-1.123582,0.928316,True
MPI-ESM1-2-HR,tas,Subtropical Andes,historical,historical_1950_2014,1950,2014,65,0.436538,0.0,0.436538,0.0,0.436538,0.0,0.015831,0.158309,-1.874475,2.54815,-0.731688,0.49131,True
MPI-ESM1-2-HR,tas,Subtropical Andes,ssp126,projected_2015_2100,2015,2100,86,0.068673,0.351098,0.068673,0.50644,0.068673,0.40236,0.002254,0.022543,-1.750287,1.949437,0.980993,0.361891,False
MPI-ESM1-2-HR,tas,Subtropical Andes,ssp245,projected_2015_2100,2015,2100,86,0.575376,0.0,0.575376,0.0,0.575376,0.0,0.021516,0.215164,-1.713933,2.071565,0.720003,0.695703,True
MPI-ESM1-2-HR,tas,Subtropical Andes,ssp370,projected_2015_2100,2015,2100,86,0.737893,0.0,0.737893,0.0,0.737893,0.0,0.040197,0.40197,-1.439635,2.4435,0.371529,0.871983,True
MPI-ESM1-2-HR,tas,Subtropical Andes,ssp585,projected_2015_2100,2015,2100,86,0.800821,0.0,0.800821,0.0,0.800821,0.0,0.052226,0.522265,-1.40935,2.421575,0.295425,0.932421,True
MPI-ESM1-2-HR,tas,Subtropical Andes,ssp126,full_1950_2100,1950,2100,151,0.541015,0.0,0.541015,6.7e-05,0.541015,0.0,0.01351,0.135099,-0.956331,1.2186,-0.399043,0.755214,True
MPI-ESM1-2-HR,tas,Subtropical Andes,ssp245,full_1950_2100,1950,2100,151,0.718675,0.0,0.718675,0.0,0.718675,0.0,0.020888,0.208879,-0.903615,1.3048,-0.832795,0.86107,True
MPI-ESM1-2-HR,tas,Subtropical Andes,ssp370,full_1950_2100,1950,2100,151,0.789316,0.0,0.789316,0.0,0.789316,0.0,0.030162,0.301615,-0.753586,1.463767,-1.201215,0.929101,True
MPI-ESM1-2-HR,tas,Subtropical Andes,ssp585,full_1950_2100,1950,2100,151,0.803797,0.0,0.803797,2e-06,0.803797,0.0,0.03601,0.360097,-0.752081,1.5398,-1.832026,0.952663,True
