variable,subregion,year,I,M,S,T,F_I,F_M,F_S,signal
hurs,Central Amazonia,1950,1.255103,0.373319,0.00631,1.634732,0.767773,0.228367,0.00386,0.745338
hurs,Central Amazonia,1951,1.255103,0.364265,0.004322,1.623689,0.772994,0.224344,0.002662,0.770726
hurs,Central Amazonia,1952,1.255103,0.356848,0.002821,1.614772,0.777263,0.22099,0.001747,0.793999
hurs,Central Amazonia,1953,1.255103,0.35069,0.001723,1.607516,0.780772,0.218157,0.001072,0.815197
hurs,Central Amazonia,1954,1.255103,0.345461,0.000955,1.601519,0.783695,0.215708,0.000597,0.834361
hurs,Central Amazonia,1955,1.255103,0.340873,0.000454,1.59643,0.786194,0.213522,0.000284,0.851531
hurs,Central Amazonia,1956,1.255103,0.336681,0.000163,1.591947,0.788408,0.21149,0.000102,0.866747
hurs,Central Amazonia,1957,1.255103,0.332676,3.4e-05,1.587813,0.79046,0.209518,2.1e-05,0.880048
hurs,Central Amazonia,1958,1.255103,0.328684,2.7e-05,1.583814,0.792456,0.207527,1.7e-05,0.891474
hurs,Central Amazonia,1959,1.255103,0.32456,0.000107,1.579769,0.794485,0.205447,6.8e-05,0.901063
hurs,Central Amazonia,1960,1.255103,0.320188,0.000245,1.575536,0.79662,0.203225,0.000155,0.908854
hurs,Central Amazonia,1961,1.255103,0.315479,0.000417,1.570998,0.798921,0.200814,0.000265,0.914884
hurs,Central Amazonia,1962,1.255103,0.310363,0.000604,1.566069,0.801435,0.198179,0.000386,0.919191
hurs,Central Amazonia,1963,1.255103,0.304792,0.000791,1.560686,0.8042,0.195294,0.000507,0.921813
hurs,Central Amazonia,1964,1.255103,0.298737,0.000965,1.554805,0.807241,0.192138,0.000621,0.922785
hurs,Central Amazonia,1965,1.255103,0.292183,0.001119,1.548405,0.810578,0.188699,0.000723,0.922145
hurs,Central Amazonia,1966,1.255103,0.285129,0.001247,1.541479,0.81422,0.184971,0.000809,0.91993
hurs,Central Amazonia,1967,1.255103,0.277587,0.001344,1.534034,0.818171,0.180952,0.000876,0.916173
hurs,Central Amazonia,1968,1.255103,0.269579,0.001409,1.526092,0.82243,0.176647,0.000924,0.910912
hurs,Central Amazonia,1969,1.255103,0.261135,0.001443,1.517681,0.826987,0.172062,0.000951,0.90418
hurs,Central Amazonia,1970,1.255103,0.252293,0.001446,1.508842,0.831832,0.16721,0.000958,0.896013
hurs,Central Amazonia,1971,1.255103,0.243096,0.00142,1.499619,0.836948,0.162105,0.000947,0.886445
hurs,Central Amazonia,1972,1.255103,0.233593,0.001368,1.490065,0.842314,0.156767,0.000918,0.87551
hurs,Central Amazonia,1973,1.255103,0.223836,0.001295,1.480234,0.847908,0.151217,0.000875,0.863241
hurs,Central Amazonia,1974,1.255103,0.213879,0.001205,1.470186,0.853703,0.145477,0.000819,0.849671
hurs,Central Amazonia,1975,1.255103,0.203778,0.0011,1.459981,0.859671,0.139576,0.000754,0.834834
hurs,Central Amazonia,1976,1.255103,0.193589,0.000987,1.449679,0.86578,0.133539,0.000681,0.818762
hurs,Central Amazonia,1977,1.255103,0.183371,0.000868,1.439342,0.871998,0.127399,0.000603,0.801487
hurs,Central Amazonia,1978,1.255103,0.173179,0.000748,1.42903,0.87829,0.121186,0.000524,0.78304
hurs,Central Amazonia,1979,1.255103,0.163068,0.000631,1.418802,0.884622,0.114934,0.000445,0.763454
hurs,Central Amazonia,1980,1.255103,0.153092,0.00052,1.408715,0.890956,0.108675,0.000369,0.742758
hurs,Central Amazonia,1981,1.255103,0.143302,0.000418,1.398824,0.897256,0.102445,0.000299,0.720983
hurs,Central Amazonia,1982,1.255103,0.133748,0.000327,1.389178,0.903486,0.096279,0.000236,0.698161
hurs,Central Amazonia,1983,1.255103,0.124475,0.00025,1.379828,0.909608,0.09021,0.000181,0.67432
hurs,Central Amazonia,1984,1.255103,0.115526,0.000187,1.370816,0.915588,0.084276,0.000136,0.64949
hurs,Central Amazonia,1985,1.255103,0.106942,0.00014,1.362185,0.92139,0.078508,0.000103,0.623701
hurs,Central Amazonia,1986,1.255103,0.098759,0.000109,1.35397,0.92698,0.07294,8e-05,0.59698
hurs,Central Amazonia,1987,1.255103,0.091009,9.3e-05,1.346205,0.932327,0.067604,6.9e-05,0.569357
hurs,Central Amazonia,1988,1.255103,0.083724,9.3e-05,1.338919,0.9374,0.062531,6.9e-05,0.54086
hurs,Central Amazonia,1989,1.255103,0.076928,0.000106,1.332137,0.942173,0.057748,8e-05,0.511516
hurs,Central Amazonia,1990,1.255103,0.070644,0.000132,1.32588,0.946619,0.053281,0.0001,0.481352
hurs,Central Amazonia,1991,1.255103,0.064893,0.000169,1.320165,0.950717,0.049155,0.000128,0.450395
hurs,Central Amazonia,1992,1.255103,0.059689,0.000215,1.315007,0.954446,0.045391,0.000163,0.418673
hurs,Central Amazonia,1993,1.255103,0.055046,0.000267,1.310416,0.95779,0.042006,0.000204,0.386211
hurs,Central Amazonia,1994,1.255103,0.050973,0.000323,1.306399,0.960735,0.039018,0.000247,0.353034
hurs,Central Amazonia,1995,1.255103,0.047477,0.00038,1.302961,0.96327,0.036438,0.000292,0.319169
hurs,Central Amazonia,1996,1.255103,0.044563,0.000437,1.300103,0.965388,0.034276,0.000336,0.284641
hurs,Central Amazonia,1997,1.255103,0.042232,0.00049,1.297825,0.967082,0.03254,0.000377,0.249473
hurs,Central Amazonia,1998,1.255103,0.040483,0.000537,1.296124,0.968351,0.031234,0.000415,0.213692
hurs,Central Amazonia,1999,1.255103,0.039315,0.000578,1.294995,0.969195,0.030359,0.000446,0.17732
hurs,Central Amazonia,2000,1.255103,0.038722,0.000609,1.294434,0.969615,0.029914,0.00047,0.140381
hurs,Central Amazonia,2001,1.255103,0.038699,0.000631,1.294433,0.969616,0.029896,0.000487,0.102898
hurs,Central Amazonia,2002,1.255103,0.039239,0.000642,1.294984,0.969204,0.030301,0.000496,0.064895
hurs,Central Amazonia,2003,1.255103,0.040333,0.000643,1.296079,0.968384,0.031119,0.000496,0.026394
hurs,Central Amazonia,2004,1.255103,0.041973,0.000636,1.297712,0.967166,0.032344,0.00049,-0.012584
hurs,Central Amazonia,2005,1.255103,0.044149,0.000621,1.299873,0.965558,0.033964,0.000478,-0.052015
hurs,Central Amazonia,2006,1.255103,0.046851,0.000602,1.302556,0.963569,0.035968,0.000463,-0.09188
hurs,Central Amazonia,2007,1.255103,0.050069,0.000584,1.305756,0.961208,0.038345,0.000447,-0.132156
hurs,Central Amazonia,2008,1.255103,0.053794,0.000569,1.309467,0.958484,0.041081,0.000435,-0.172823
hurs,Central Amazonia,2009,1.255103,0.058017,0.000566,1.313686,0.955405,0.044163,0.000431,-0.213861
hurs,Central Amazonia,2010,1.255103,0.062728,0.000582,1.318413,0.95198,0.047579,0.000441,-0.25525
hurs,Central Amazonia,2011,1.255103,0.067921,0.000625,1.323649,0.948214,0.051314,0.000472,-0.29697
hurs,Central Amazonia,2012,1.255103,0.073588,0.000706,1.329397,0.944114,0.055355,0.000531,-0.339003
hurs,Central Amazonia,2013,1.255103,0.079724,0.000837,1.335665,0.939684,0.059689,0.000627,-0.381328
hurs,Central Amazonia,2014,1.255103,0.086325,0.001032,1.34246,0.934928,0.064304,0.000769,-0.423928
hurs,Central Amazonia,2015,1.255103,0.093388,0.001306,1.349797,0.929846,0.069187,0.000967,-0.466785
hurs,Central Amazonia,2016,1.255103,0.100912,0.001675,1.357691,0.92444,0.074326,0.001234,-0.509881
hurs,Central Amazonia,2017,1.255103,0.108899,0.002159,1.366161,0.918708,0.079712,0.00158,-0.553199
hurs,Central Amazonia,2018,1.255103,0.11735,0.002778,1.375231,0.912649,0.085331,0.00202,-0.596721
hurs,Central Amazonia,2019,1.255103,0.126271,0.003554,1.384928,0.906259,0.091175,0.002566,-0.640431
hurs,Central Amazonia,2020,1.255103,0.135668,0.004512,1.395283,0.899533,0.097234,0.003234,-0.684313
hurs,Central Amazonia,2021,1.255103,0.145551,0.005678,1.406331,0.892466,0.103497,0.004037,-0.72835
hurs,Central Amazonia,2022,1.255103,0.155929,0.007079,1.418111,0.885053,0.109955,0.004992,-0.772528
hurs,Central Amazonia,2023,1.255103,0.166816,0.008747,1.430666,0.877286,0.1166,0.006114,-0.816831
hurs,Central Amazonia,2024,1.255103,0.178227,0.010712,1.444042,0.86916,0.123422,0.007418,-0.861244
hurs,Central Amazonia,2025,1.255103,0.190178,0.01301,1.458291,0.860667,0.130412,0.008921,-0.905754
hurs,Central Amazonia,2026,1.255103,0.20269,0.015675,1.473467,0.851802,0.13756,0.010638,-0.950345
hurs,Central Amazonia,2027,1.255103,0.215781,0.018745,1.48963,0.84256,0.144856,0.012584,-0.995004
hurs,Central Amazonia,2028,1.255103,0.229476,0.022261,1.50684,0.832937,0.152289,0.014774,-1.039718
hurs,Central Amazonia,2029,1.255103,0.243797,0.026264,1.525164,0.82293,0.15985,0.017221,-1.084474
hurs,Central Amazonia,2030,1.255103,0.258771,0.030797,1.544671,0.812537,0.167525,0.019938,-1.129259
hurs,Central Amazonia,2031,1.255103,0.274425,0.035905,1.565434,0.801761,0.175303,0.022936,-1.174062
hurs,Central Amazonia,2032,1.255103,0.290787,0.041636,1.587526,0.790603,0.18317,0.026227,-1.218869
hurs,Central Amazonia,2033,1.255103,0.307886,0.048037,1.611026,0.779071,0.191112,0.029817,-1.263671
hurs,Central Amazonia,2034,1.255103,0.325752,0.055159,1.636013,0.767172,0.199113,0.033715,-1.308455
hurs,Central Amazonia,2035,1.255103,0.344414,0.063053,1.66257,0.754917,0.207158,0.037925,-1.353211
hurs,Central Amazonia,2036,1.255103,0.363905,0.071772,1.69078,0.742322,0.215229,0.042449,-1.397928
hurs,Central Amazonia,2037,1.255103,0.384253,0.081372,1.720728,0.729402,0.223309,0.047289,-1.442597
hurs,Central Amazonia,2038,1.255103,0.405491,0.091907,1.7525,0.716179,0.231378,0.052443,-1.487209
hurs,Central Amazonia,2039,1.255103,0.427646,0.103433,1.786183,0.702673,0.239419,0.057907,-1.531752
hurs,Central Amazonia,2040,1.255103,0.450749,0.11601,1.821862,0.688912,0.247411,0.063677,-1.57622
hurs,Central Amazonia,2041,1.255103,0.474828,0.129695,1.859626,0.674922,0.255335,0.069742,-1.620602
hurs,Central Amazonia,2042,1.255103,0.499907,0.144548,1.899558,0.660734,0.26317,0.076095,-1.664892
hurs,Central Amazonia,2043,1.255103,0.526013,0.160628,1.941744,0.646379,0.270897,0.082724,-1.709081
hurs,Central Amazonia,2044,1.255103,0.553167,0.177997,1.986267,0.63189,0.278496,0.089614,-1.753161
hurs,Central Amazonia,2045,1.255103,0.58139,0.196714,2.033208,0.617302,0.285947,0.096751,-1.797127
hurs,Central Amazonia,2046,1.255103,0.610699,0.216842,2.082644,0.602649,0.293233,0.104118,-1.84097
hurs,Central Amazonia,2047,1.255103,0.641108,0.23844,2.134651,0.587966,0.300334,0.1117,-1.884685
hurs,Central Amazonia,2048,1.255103,0.672628,0.26157,2.189301,0.573289,0.307234,0.119477,-1.928266
hurs,Central Amazonia,2049,1.255103,0.705266,0.286293,2.246661,0.558652,0.313917,0.12743,-1.971707
hurs,Central Amazonia,2050,1.255103,0.739026,0.312667,2.306796,0.544089,0.320369,0.135542,-2.015003
hurs,Central Amazonia,2051,1.255103,0.773906,0.340754,2.369762,0.529632,0.326575,0.143792,-2.058149
hurs,Central Amazonia,2052,1.255103,0.809901,0.37061,2.435614,0.515313,0.332524,0.152163,-2.101141
hurs,Central Amazonia,2053,1.255103,0.847,0.402294,2.504397,0.50116,0.338205,0.160635,-2.143974
hurs,Central Amazonia,2054,1.255103,0.885189,0.435862,2.576154,0.4872,0.343609,0.169191,-2.186645
hurs,Central Amazonia,2055,1.255103,0.924446,0.471369,2.650918,0.47346,0.348727,0.177814,-2.22915
hurs,Central Amazonia,2056,1.255103,0.964745,0.508868,2.728716,0.459961,0.353553,0.186486,-2.271487
hurs,Central Amazonia,2057,1.255103,1.006054,0.54841,2.809567,0.446725,0.358082,0.195194,-2.313652
hurs,Central Amazonia,2058,1.255103,1.048336,0.590045,2.893485,0.433769,0.362309,0.203922,-2.355644
hurs,Central Amazonia,2059,1.255103,1.091548,0.63382,2.980471,0.421109,0.366233,0.212658,-2.39746
hurs,Central Amazonia,2060,1.255103,1.135639,0.67978,3.070522,0.408759,0.369852,0.221389,-2.439099
hurs,Central Amazonia,2061,1.255103,1.180555,0.727967,3.163625,0.396729,0.373165,0.230105,-2.480559
hurs,Central Amazonia,2062,1.255103,1.226234,0.77842,3.259758,0.38503,0.376173,0.238797,-2.521841
hurs,Central Amazonia,2063,1.255103,1.272609,0.831176,3.358889,0.373666,0.378878,0.247456,-2.562943
hurs,Central Amazonia,2064,1.255103,1.319607,0.886268,3.460978,0.362644,0.381281,0.256075,-2.603866
hurs,Central Amazonia,2065,1.255103,1.367148,0.943726,3.565978,0.351966,0.383387,0.264647,-2.644609
hurs,Central Amazonia,2066,1.255103,1.41515,1.003576,3.673829,0.341633,0.385198,0.273169,-2.685174
hurs,Central Amazonia,2067,1.255103,1.463522,1.065841,3.784466,0.331646,0.386718,0.281636,-2.725561
hurs,Central Amazonia,2068,1.255103,1.512171,1.130538,3.897812,0.322002,0.387954,0.290044,-2.765772
hurs,Central Amazonia,2069,1.255103,1.560997,1.197683,4.013783,0.312698,0.388909,0.298393,-2.805808
hurs,Central Amazonia,2070,1.255103,1.6099,1.267285,4.132288,0.303731,0.38959,0.306679,-2.845672
hurs,Central Amazonia,2071,1.255103,1.658773,1.339351,4.253226,0.295094,0.390003,0.314902,-2.885367
hurs,Central Amazonia,2072,1.255103,1.707507,1.41388,4.37649,0.286783,0.390154,0.323063,-2.924894
hurs,Central Amazonia,2073,1.255103,1.755994,1.49087,4.501967,0.27879,0.39005,0.33116,-2.964258
hurs,Central Amazonia,2074,1.255103,1.804121,1.570311,4.629535,0.271108,0.389698,0.339194,-3.003462
hurs,Central Amazonia,2075,1.255103,1.851777,1.652191,4.759071,0.263729,0.389105,0.347167,-3.042509
hurs,Central Amazonia,2076,1.255103,1.898852,1.736489,4.890444,0.256644,0.388278,0.355078,-3.081405
hurs,Central Amazonia,2077,1.255103,1.945237,1.823182,5.023522,0.249845,0.387226,0.362929,-3.120154
hurs,Central Amazonia,2078,1.255103,1.990826,1.91224,5.15817,0.243323,0.385956,0.370721,-3.158761
hurs,Central Amazonia,2079,1.255103,2.03552,2.003629,5.294252,0.237069,0.384477,0.378454,-3.197231
hurs,Central Amazonia,2080,1.255103,2.079224,2.097307,5.431634,0.231073,0.382799,0.386128,-3.235571
hurs,Central Amazonia,2081,1.255103,2.12185,2.193228,5.570182,0.225325,0.38093,0.393744,-3.273786
hurs,Central Amazonia,2082,1.255103,2.163322,2.291341,5.709766,0.219817,0.378881,0.401302,-3.311883
hurs,Central Amazonia,2083,1.255103,2.203573,2.391588,5.850264,0.214538,0.376662,0.4088,-3.349868
hurs,Central Amazonia,2084,1.255103,2.24255,2.493906,5.991559,0.209479,0.374285,0.416237,-3.387751
hurs,Central Amazonia,2085,1.255103,2.280216,2.598226,6.133544,0.204629,0.371762,0.423609,-3.425537
hurs,Central Amazonia,2086,1.255103,2.316551,2.704473,6.276127,0.19998,0.369105,0.430914,-3.463234
hurs,Central Amazonia,2087,1.255103,2.351557,2.812567,6.419227,0.195522,0.36633,0.438147,-3.500852
hurs,Central Amazonia,2088,1.255103,2.385256,2.922424,6.562783,0.191246,0.363452,0.445302,-3.5384
hurs,Central Amazonia,2089,1.255103,2.417699,3.03395,6.706752,0.18714,0.360487,0.452373,-3.575885
hurs,Central Amazonia,2090,1.255103,2.448962,3.147051,6.851117,0.183197,0.357454,0.459349,-3.613318
hurs,Central Amazonia,2091,1.255103,2.479157,3.261625,6.995885,0.179406,0.354374,0.46622,-3.650708
hurs,Central Amazonia,2092,1.255103,2.508428,3.377564,7.141095,0.175758,0.351267,0.472976,-3.688066
hurs,Central Amazonia,2093,1.255103,2.536959,3.494758,7.28682,0.172243,0.348157,0.4796,-3.725403
hurs,Central Amazonia,2094,1.255103,2.564976,3.613091,7.43317,0.168852,0.345072,0.486077,-3.762728
hurs,Central Amazonia,2095,1.255103,2.592753,3.732441,7.580297,0.165574,0.342038,0.492387,-3.800055
hurs,Central Amazonia,2096,1.255103,2.620613,3.852685,7.728401,0.162401,0.339089,0.49851,-3.837393
hurs,Central Amazonia,2097,1.255103,2.648935,3.973694,7.877732,0.159323,0.336256,0.504421,-3.874756
hurs,Central Amazonia,2098,1.255103,2.678156,4.095337,8.028596,0.156329,0.333577,0.510094,-3.912156
hurs,Central Amazonia,2099,1.255103,2.708781,4.217479,8.181363,0.15341,0.331092,0.515498,-3.949605
hurs,Central Amazonia,2100,1.255103,2.741381,4.339982,8.336466,0.150556,0.328842,0.520602,-3.987117
hurs,Northern Tropics,1950,0.840213,0.449103,0.003435,1.292751,0.649942,0.347401,0.002657,0.180177
hurs,Northern Tropics,1951,0.840213,0.430077,0.002315,1.272605,0.660231,0.33795,0.001819,0.200289
hurs,Northern Tropics,1952,0.840213,0.412695,0.001478,1.254385,0.66982,0.329002,0.001178,0.219188
hurs,Northern Tropics,1953,0.840213,0.396733,0.000875,1.23782,0.678784,0.320509,0.000707,0.236897
hurs,Northern Tropics,1954,0.840213,0.381995,0.000462,1.222669,0.687195,0.312427,0.000378,0.253436
hurs,Northern Tropics,1955,0.840213,0.368304,0.000201,1.208718,0.695127,0.304706,0.000166,0.268825
hurs,Northern Tropics,1956,0.840213,0.355507,6e-05,1.19578,0.702648,0.297301,5e-05,0.283085
hurs,Northern Tropics,1957,0.840213,0.343467,1.1e-05,1.18369,0.709825,0.290166,9e-06,0.296235
hurs,Northern Tropics,1958,0.840213,0.332068,2.8e-05,1.172309,0.716716,0.28326,2.4e-05,0.308297
hurs,Northern Tropics,1959,0.840213,0.321206,9.3e-05,1.161512,0.723378,0.276542,8e-05,0.319288
hurs,Northern Tropics,1960,0.840213,0.310796,0.000188,1.151197,0.72986,0.269977,0.000163,0.32923
hurs,Northern Tropics,1961,0.840213,0.300764,0.000299,1.141275,0.736205,0.263533,0.000262,0.338142
hurs,Northern Tropics,1962,0.840213,0.291046,0.000415,1.131674,0.742451,0.257182,0.000367,0.346042
hurs,Northern Tropics,1963,0.840213,0.281593,0.000528,1.122334,0.74863,0.2509,0.000471,0.35295
hurs,Northern Tropics,1964,0.840213,0.272363,0.000631,1.113208,0.754767,0.244665,0.000567,0.358885
hurs,Northern Tropics,1965,0.840213,0.263324,0.00072,1.104257,0.760885,0.238463,0.000652,0.363866
hurs,Northern Tropics,1966,0.840213,0.254451,0.000791,1.095455,0.766999,0.232279,0.000722,0.36791
hurs,Northern Tropics,1967,0.840213,0.245726,0.000842,1.08678,0.773121,0.226104,0.000775,0.371037
hurs,Northern Tropics,1968,0.840213,0.237136,0.000873,1.078222,0.779258,0.219933,0.00081,0.373264
hurs,Northern Tropics,1969,0.840213,0.228676,0.000884,1.069772,0.785413,0.213761,0.000826,0.374609
hurs,Northern Tropics,1970,0.840213,0.220342,0.000876,1.061431,0.791585,0.20759,0.000826,0.37509
hurs,Northern Tropics,1971,0.840213,0.212137,0.000851,1.053201,0.797771,0.201421,0.000808,0.374725
hurs,Northern Tropics,1972,0.840213,0.204064,0.000811,1.045088,0.803963,0.19526,0.000776,0.373531
hurs,Northern Tropics,1973,0.840213,0.196132,0.000759,1.037104,0.810153,0.189115,0.000732,0.371525
hurs,Northern Tropics,1974,0.840213,0.18835,0.000697,1.029259,0.816327,0.182996,0.000677,0.368725
hurs,Northern Tropics,1975,0.840213,0.180729,0.000627,1.021569,0.822473,0.176914,0.000614,0.365146
hurs,Northern Tropics,1976,0.840213,0.173282,0.000553,1.014048,0.828573,0.170882,0.000545,0.360806
hurs,Northern Tropics,1977,0.840213,0.166022,0.000477,1.006712,0.834611,0.164915,0.000474,0.355722
hurs,Northern Tropics,1978,0.840213,0.158963,0.000402,0.999578,0.840568,0.15903,0.000402,0.349908
hurs,Northern Tropics,1979,0.840213,0.152118,0.00033,0.992661,0.846424,0.153243,0.000333,0.343383
hurs,Northern Tropics,1980,0.840213,0.145503,0.000264,0.98598,0.85216,0.147572,0.000268,0.336161
hurs,Northern Tropics,1981,0.840213,0.13913,0.000205,0.979548,0.857756,0.142035,0.000209,0.328258
hurs,Northern Tropics,1982,0.840213,0.133014,0.000154,0.97338,0.863191,0.136651,0.000158,0.31969
hurs,Northern Tropics,1983,0.840213,0.127166,0.000113,0.967492,0.868444,0.131439,0.000117,0.310472
hurs,Northern Tropics,1984,0.840213,0.121599,8.3e-05,0.961895,0.873498,0.126416,8.7e-05,0.300619
hurs,Northern Tropics,1985,0.840213,0.116323,6.5e-05,0.9566,0.878332,0.1216,6.7e-05,0.290147
hurs,Northern Tropics,1986,0.840213,0.111349,5.7e-05,0.951619,0.882929,0.11701,6e-05,0.279069
hurs,Northern Tropics,1987,0.840213,0.106686,6.2e-05,0.946961,0.887273,0.112662,6.5e-05,0.267401
hurs,Northern Tropics,1988,0.840213,0.102341,7.7e-05,0.942631,0.891348,0.10857,8.2e-05,0.255158
hurs,Northern Tropics,1989,0.840213,0.098322,0.000103,0.938638,0.895141,0.10475,0.00011,0.242352
hurs,Northern Tropics,1990,0.840213,0.094633,0.000138,0.934984,0.898638,0.101214,0.000148,0.228999
hurs,Northern Tropics,1991,0.840213,0.09128,0.000182,0.931675,0.901831,0.097974,0.000196,0.215113
hurs,Northern Tropics,1992,0.840213,0.088265,0.000233,0.928711,0.904709,0.09504,0.000251,0.200706
hurs,Northern Tropics,1993,0.840213,0.08559,0.00029,0.926093,0.907266,0.092421,0.000314,0.185793
hurs,Northern Tropics,1994,0.840213,0.083258,0.000352,0.923823,0.909496,0.090123,0.000381,0.170387
hurs,Northern Tropics,1995,0.840213,0.081268,0.000416,0.921897,0.911396,0.088153,0.000451,0.154501
hurs,Northern Tropics,1996,0.840213,0.07962,0.000482,0.920314,0.912963,0.086513,0.000524,0.138147
hurs,Northern Tropics,1997,0.840213,0.078311,0.000548,0.919072,0.914197,0.085207,0.000596,0.12134
hurs,Northern Tropics,1998,0.840213,0.077341,0.000613,0.918166,0.915099,0.084234,0.000667,0.10409
hurs,Northern Tropics,1999,0.840213,0.076705,0.000675,0.917593,0.91567,0.083594,0.000736,0.086411
hurs,Northern Tropics,2000,0.840213,0.076401,0.000735,0.917349,0.915914,0.083285,0.000801,0.068316
hurs,Northern Tropics,2001,0.840213,0.076425,0.000791,0.917429,0.915834,0.083303,0.000862,0.049815
hurs,Northern Tropics,2002,0.840213,0.076772,0.000844,0.917829,0.915435,0.083645,0.00092,0.030921
hurs,Northern Tropics,2003,0.840213,0.077438,0.000894,0.918544,0.914722,0.084305,0.000973,0.011645
hurs,Northern Tropics,2004,0.840213,0.078418,0.000941,0.919571,0.913701,0.085276,0.001023,-0.008001
hurs,Northern Tropics,2005,0.840213,0.079707,0.000987,0.920907,0.912375,0.086553,0.001072,-0.028006
hurs,Northern Tropics,2006,0.840213,0.081301,0.001034,0.922548,0.910752,0.088127,0.001121,-0.048358
hurs,Northern Tropics,2007,0.840213,0.083196,0.001085,0.924493,0.908836,0.089991,0.001173,-0.069047
hurs,Northern Tropics,2008,0.840213,0.085386,0.001143,0.926741,0.906631,0.092136,0.001233,-0.090062
hurs,Northern Tropics,2009,0.840213,0.087868,0.001211,0.929292,0.904143,0.094554,0.001304,-0.111393
hurs,Northern Tropics,2010,0.840213,0.090639,0.001296,0.932148,0.901373,0.097236,0.001391,-0.133029
hurs,Northern Tropics,2011,0.840213,0.093694,0.001403,0.93531,0.898325,0.100175,0.0015,-0.154959
hurs,Northern Tropics,2012,0.840213,0.097033,0.001539,0.938785,0.895001,0.10336,0.001639,-0.177175
hurs,Northern Tropics,2013,0.840213,0.100653,0.00171,0.942576,0.8914,0.106785,0.001815,-0.199666
hurs,Northern Tropics,2014,0.840213,0.104553,0.001927,0.946693,0.887524,0.11044,0.002036,-0.222422
hurs,Northern Tropics,2015,0.840213,0.108732,0.002199,0.951144,0.88337,0.114317,0.002312,-0.245434
hurs,Northern Tropics,2016,0.840213,0.113192,0.002537,0.955942,0.878937,0.118409,0.002654,-0.268693
hurs,Northern Tropics,2017,0.840213,0.117934,0.002952,0.961099,0.874221,0.122707,0.003072,-0.29219
hurs,Northern Tropics,2018,0.840213,0.12296,0.003458,0.966631,0.869218,0.127204,0.003578,-0.315916
hurs,Northern Tropics,2019,0.840213,0.128273,0.004069,0.972555,0.863923,0.131893,0.004184,-0.339861
hurs,Northern Tropics,2020,0.840213,0.133878,0.004801,0.978892,0.85833,0.136765,0.004905,-0.364019
hurs,Northern Tropics,2021,0.840213,0.139781,0.00567,0.985664,0.852434,0.141814,0.005753,-0.388379
hurs,Northern Tropics,2022,0.840213,0.145987,0.006694,0.992893,0.846226,0.147031,0.006742,-0.412935
hurs,Northern Tropics,2023,0.840213,0.152503,0.007892,1.000608,0.839702,0.15241,0.007888,-0.437678
hurs,Northern Tropics,2024,0.840213,0.159339,0.009285,1.008837,0.832853,0.157943,0.009204,-0.4626
hurs,Northern Tropics,2025,0.840213,0.166503,0.010894,1.017609,0.825673,0.163621,0.010705,-0.487694
hurs,Northern Tropics,2026,0.840213,0.174005,0.012741,1.026959,0.818156,0.169437,0.012407,-0.512952
hurs,Northern Tropics,2027,0.840213,0.181857,0.014851,1.036921,0.810296,0.175382,0.014323,-0.538368
hurs,Northern Tropics,2028,0.840213,0.19007,0.017249,1.047532,0.802088,0.181446,0.016467,-0.563933
hurs,Northern Tropics,2029,0.840213,0.198657,0.019962,1.058832,0.793528,0.187619,0.018853,-0.589642
hurs,Northern Tropics,2030,0.840213,0.207631,0.023016,1.07086,0.784615,0.193892,0.021493,-0.615487
hurs,Northern Tropics,2031,0.840213,0.217007,0.02644,1.08366,0.775347,0.200254,0.024399,-0.641463
hurs,Northern Tropics,2032,0.840213,0.226799,0.030264,1.097275,0.765726,0.206693,0.027581,-0.667562
hurs,Northern Tropics,2033,0.840213,0.237021,0.034518,1.111752,0.755755,0.213196,0.031049,-0.693778
hurs,Northern Tropics,2034,0.840213,0.24769,0.039235,1.127138,0.745439,0.219751,0.03481,-0.720107
hurs,Northern Tropics,2035,0.840213,0.258821,0.044447,1.143481,0.734785,0.226345,0.03887,-0.746541
hurs,Northern Tropics,2036,0.840213,0.270429,0.050188,1.16083,0.723804,0.232962,0.043234,-0.773076
hurs,Northern Tropics,2037,0.840213,0.282531,0.056491,1.179235,0.712506,0.239589,0.047905,-0.799706
hurs,Northern Tropics,2038,0.840213,0.295143,0.063393,1.198749,0.700908,0.24621,0.052882,-0.826426
hurs,Northern Tropics,2039,0.840213,0.30828,0.070928,1.219421,0.689026,0.252809,0.058165,-0.85323
hurs,Northern Tropics,2040,0.840213,0.321958,0.079134,1.241305,0.676879,0.259371,0.063751,-0.880115
hurs,Northern Tropics,2041,0.840213,0.336191,0.088048,1.264452,0.664488,0.265879,0.069633,-0.907074
hurs,Northern Tropics,2042,0.840213,0.350994,0.097706,1.288913,0.651877,0.272318,0.075805,-0.934105
hurs,Northern Tropics,2043,0.840213,0.366381,0.108148,1.314742,0.63907,0.278672,0.082258,-0.961202
hurs,Northern Tropics,2044,0.840213,0.382364,0.119411,1.341988,0.626096,0.284924,0.088981,-0.988362
hurs,Northern Tropics,2045,0.840213,0.398956,0.131534,1.370702,0.61298,0.291059,0.095961,-1.015581
hurs,Northern Tropics,2046,0.840213,0.416166,0.144555,1.400934,0.599752,0.297063,0.103185,-1.042854
hurs,Northern Tropics,2047,0.840213,0.434005,0.158514,1.432732,0.586441,0.302922,0.110638,-1.070179
hurs,Northern Tropics,2048,0.840213,0.452482,0.173448,1.466142,0.573077,0.308621,0.118302,-1.097552
hurs,Northern Tropics,2049,0.840213,0.471602,0.189396,1.501211,0.55969,0.314148,0.126162,-1.124969
hurs,Northern Tropics,2050,0.840213,0.491371,0.206396,1.53798,0.546309,0.319491,0.1342,-1.152429
hurs,Northern Tropics,2051,0.840213,0.511793,0.224486,1.576491,0.532964,0.32464,0.142396,-1.179927
hurs,Northern Tropics,2052,0.840213,0.532869,0.243702,1.616784,0.519682,0.329586,0.150733,-1.207463
hurs,Northern Tropics,2053,0.840213,0.554599,0.264082,1.658894,0.50649,0.334319,0.159192,-1.235032
hurs,Northern Tropics,2054,0.840213,0.576982,0.28566,1.702855,0.493414,0.338832,0.167754,-1.262633
hurs,Northern Tropics,2055,0.840213,0.600014,0.308473,1.748699,0.480479,0.34312,0.176401,-1.290263
hurs,Northern Tropics,2056,0.840213,0.623688,0.332552,1.796453,0.467707,0.347177,0.185116,-1.317922
hurs,Northern Tropics,2057,0.840213,0.647996,0.357932,1.846141,0.455118,0.351,0.193881,-1.345607
hurs,Northern Tropics,2058,0.840213,0.672928,0.384644,1.897785,0.442733,0.354586,0.20268,-1.373317
hurs,Northern Tropics,2059,0.840213,0.698473,0.412717,1.951402,0.430569,0.357934,0.211498,-1.40105
hurs,Northern Tropics,2060,0.840213,0.724614,0.44218,2.007007,0.41864,0.361042,0.220318,-1.428805
hurs,Northern Tropics,2061,0.840213,0.751336,0.47306,2.064609,0.40696,0.363912,0.229128,-1.456582
hurs,Northern Tropics,2062,0.840213,0.778621,0.505382,2.124216,0.39554,0.366545,0.237915,-1.484379
hurs,Northern Tropics,2063,0.840213,0.806448,0.539169,2.185829,0.384391,0.368944,0.246666,-1.512196
hurs,Northern Tropics,2064,0.840213,0.834794,0.574443,2.249449,0.373519,0.37111,0.25537,-1.540033
hurs,Northern Tropics,2065,0.840213,0.863636,0.611221,2.31507,0.362932,0.37305,0.264018,-1.567889
hurs,Northern Tropics,2066,0.840213,0.892948,0.649522,2.382683,0.352633,0.374766,0.272601,-1.595764
hurs,Northern Tropics,2067,0.840213,0.922704,0.689359,2.452276,0.342626,0.376264,0.28111,-1.623659
hurs,Northern Tropics,2068,0.840213,0.952876,0.730744,2.523833,0.332911,0.377551,0.289537,-1.651574
hurs,Northern Tropics,2069,0.840213,0.983436,0.773686,2.597334,0.32349,0.378633,0.297877,-1.679509
hurs,Northern Tropics,2070,0.840213,1.014353,0.818192,2.672758,0.314362,0.379515,0.306123,-1.707466
hurs,Northern Tropics,2071,0.840213,1.045599,0.864265,2.750077,0.305523,0.380207,0.314269,-1.735444
hurs,Northern Tropics,2072,0.840213,1.077146,0.911906,2.829265,0.296972,0.380716,0.322312,-1.763446
hurs,Northern Tropics,2073,0.840213,1.108964,0.961112,2.910289,0.288704,0.381049,0.330246,-1.791472
hurs,Northern Tropics,2074,0.840213,1.141027,1.011878,2.993118,0.280715,0.381217,0.338068,-1.819524
hurs,Northern Tropics,2075,0.840213,1.173308,1.064195,3.077716,0.272999,0.381227,0.345774,-1.847603
hurs,Northern Tropics,2076,0.840213,1.205785,1.11805,3.164048,0.26555,0.381089,0.353361,-1.875711
hurs,Northern Tropics,2077,0.840213,1.238438,1.173428,3.252078,0.258362,0.380814,0.360824,-1.903851
hurs,Northern Tropics,2078,0.840213,1.271248,1.230309,3.34177,0.251427,0.380412,0.368161,-1.932025
hurs,Northern Tropics,2079,0.840213,1.304205,1.288671,3.433089,0.24474,0.379893,0.375368,-1.960234
hurs,Northern Tropics,2080,0.840213,1.3373,1.348487,3.526,0.238291,0.379268,0.382441,-1.988482
hurs,Northern Tropics,2081,0.840213,1.370532,1.409728,3.620473,0.232073,0.378551,0.389377,-2.016771
hurs,Northern Tropics,2082,0.840213,1.403906,1.472359,3.716478,0.226078,0.377752,0.396171,-2.045104
hurs,Northern Tropics,2083,0.840213,1.437436,1.536344,3.813992,0.220297,0.376885,0.402818,-2.073484
hurs,Northern Tropics,2084,0.840213,1.471143,1.60164,3.912996,0.214724,0.375963,0.409313,-2.101915
hurs,Northern Tropics,2085,0.840213,1.505061,1.668203,4.013476,0.209348,0.375002,0.41565,-2.1304
hurs,Northern Tropics,2086,0.840213,1.539233,1.735983,4.115429,0.204162,0.374015,0.421823,-2.158942
hurs,Northern Tropics,2087,0.840213,1.573715,1.804929,4.218856,0.199157,0.373019,0.427824,-2.187547
hurs,Northern Tropics,2088,0.840213,1.608577,1.874983,4.323773,0.194324,0.372031,0.433645,-2.216216
hurs,Northern Tropics,2089,0.840213,1.643906,1.946086,4.430205,0.189656,0.371068,0.439277,-2.244956
hurs,Northern Tropics,2090,0.840213,1.679804,2.018174,4.53819,0.185143,0.370148,0.444709,-2.27377
hurs,Northern Tropics,2091,0.840213,1.716392,2.09118,4.647784,0.180777,0.369292,0.44993,-2.302663
hurs,Northern Tropics,2092,0.840213,1.753812,2.165032,4.759057,0.17655,0.368521,0.454929,-2.331639
hurs,Northern Tropics,2093,0.840213,1.792229,2.239657,4.872099,0.172454,0.367856,0.45969,-2.360704
hurs,Northern Tropics,2094,0.840213,1.83183,2.314977,4.98702,0.16848,0.367319,0.464201,-2.389863
hurs,Northern Tropics,2095,0.840213,1.872829,2.390912,5.103954,0.16462,0.366937,0.468443,-2.419121
hurs,Northern Tropics,2096,0.840213,1.91547,2.467377,5.22306,0.160866,0.366733,0.472401,-2.448483
hurs,Northern Tropics,2097,0.840213,1.960026,2.544286,5.344524,0.15721,0.366735,0.476055,-2.477956
hurs,Northern Tropics,2098,0.840213,2.006802,2.621549,5.468564,0.153644,0.366971,0.479385,-2.507545
hurs,Northern Tropics,2099,0.840213,2.05614,2.699076,5.595429,0.150161,0.367468,0.482372,-2.537257
hurs,Northern Tropics,2100,0.840213,2.10842,2.776771,5.725404,0.146752,0.368257,0.484991,-2.567096
hurs,South America (continental),1950,0.378697,0.086856,0.000923,0.466476,0.811826,0.186197,0.001978,0.403574
hurs,South America (continental),1951,0.378697,0.086362,0.000631,0.46569,0.813196,0.18545,0.001355,0.431208
hurs,South America (continental),1952,0.378697,0.086161,0.000411,0.465269,0.813931,0.185185,0.000884,0.456871
hurs,South America (continental),1953,0.378697,0.086147,0.000252,0.465096,0.814234,0.185224,0.000541,0.480607
hurs,South America (continental),1954,0.378697,0.086231,0.00014,0.465069,0.814282,0.185416,0.000302,0.50246
hurs,South America (continental),1955,0.378697,0.086337,6.8e-05,0.465102,0.814224,0.18563,0.000146,0.522472
hurs,South America (continental),1956,0.378697,0.086401,2.5e-05,0.465124,0.814186,0.18576,5.4e-05,0.540685
hurs,South America (continental),1957,0.378697,0.086372,6e-06,0.465075,0.81427,0.185716,1.3e-05,0.55714
hurs,South America (continental),1958,0.378697,0.086208,4e-06,0.464909,0.814561,0.185431,8e-06,0.57188
hurs,South America (continental),1959,0.378697,0.085878,1.4e-05,0.464589,0.815123,0.184847,3e-05,0.584945
hurs,South America (continental),1960,0.378697,0.085357,3.1e-05,0.464086,0.816007,0.183926,6.8e-05,0.596376
hurs,South America (continental),1961,0.378697,0.08463,5.4e-05,0.46338,0.817249,0.182635,0.000116,0.606211
hurs,South America (continental),1962,0.378697,0.083685,7.7e-05,0.46246,0.818875,0.180957,0.000168,0.614492
hurs,South America (continental),1963,0.378697,0.082521,0.000101,0.461319,0.820901,0.17888,0.000219,0.621257
hurs,South America (continental),1964,0.378697,0.081137,0.000123,0.459956,0.823333,0.176401,0.000267,0.626545
hurs,South America (continental),1965,0.378697,0.079538,0.000141,0.458376,0.82617,0.173521,0.000308,0.630393
hurs,South America (continental),1966,0.378697,0.077734,0.000156,0.456588,0.829407,0.17025,0.000342,0.632841
hurs,South America (continental),1967,0.378697,0.075737,0.000167,0.454601,0.833032,0.166601,0.000368,0.633925
hurs,South America (continental),1968,0.378697,0.073561,0.000174,0.452432,0.837026,0.16259,0.000384,0.633682
hurs,South America (continental),1969,0.378697,0.071223,0.000176,0.450096,0.84137,0.158239,0.000391,0.632148
hurs,South America (continental),1970,0.378697,0.06874,0.000175,0.447612,0.846039,0.153571,0.000391,0.629361
hurs,South America (continental),1971,0.378697,0.066132,0.00017,0.445,0.851006,0.148612,0.000382,0.625355
hurs,South America (continental),1972,0.378697,0.06342,0.000162,0.442279,0.85624,0.143393,0.000367,0.620165
hurs,South America (continental),1973,0.378697,0.060622,0.000152,0.439472,0.86171,0.137944,0.000346,0.613827
hurs,South America (continental),1974,0.378697,0.057761,0.00014,0.436598,0.867382,0.132298,0.000321,0.606375
hurs,South America (continental),1975,0.378697,0.054856,0.000127,0.433679,0.873219,0.126489,0.000292,0.597843
hurs,South America (continental),1976,0.378697,0.051926,0.000113,0.430736,0.879186,0.120552,0.000262,0.588263
hurs,South America (continental),1977,0.378697,0.048993,9.9e-05,0.427788,0.885244,0.114525,0.00023,0.57767
hurs,South America (continental),1978,0.378697,0.046073,8.5e-05,0.424855,0.891357,0.108444,0.000199,0.566096
hurs,South America (continental),1979,0.378697,0.043185,7.1e-05,0.421953,0.897486,0.102345,0.000169,0.553572
hurs,South America (continental),1980,0.378697,0.040345,5.9e-05,0.419101,0.903593,0.096266,0.000141,0.540132
hurs,South America (continental),1981,0.378697,0.037569,4.8e-05,0.416315,0.909642,0.090242,0.000116,0.525805
hurs,South America (continental),1982,0.378697,0.034871,3.9e-05,0.413607,0.915596,0.08431,9.3e-05,0.510623
hurs,South America (continental),1983,0.378697,0.032264,3.1e-05,0.410992,0.921422,0.078504,7.5e-05,0.494617
hurs,South America (continental),1984,0.378697,0.02976,2.4e-05,0.408481,0.927085,0.072855,5.9e-05,0.477816
hurs,South America (continental),1985,0.378697,0.027368,1.9e-05,0.406085,0.932557,0.067396,4.7e-05,0.46025
hurs,South America (continental),1986,0.378697,0.025099,1.6e-05,0.403812,0.937807,0.062155,3.9e-05,0.441948
hurs,South America (continental),1987,0.378697,0.022958,1.3e-05,0.401669,0.942809,0.057158,3.3e-05,0.422938
hurs,South America (continental),1988,0.378697,0.020954,1.2e-05,0.399663,0.947541,0.052429,3e-05,0.40325
hurs,South America (continental),1989,0.378697,0.01909,1.2e-05,0.397799,0.951982,0.047989,2.9e-05,0.382911
hurs,South America (continental),1990,0.378697,0.017371,1.2e-05,0.396079,0.956114,0.043856,3e-05,0.361947
hurs,South America (continental),1991,0.378697,0.015799,1.2e-05,0.394508,0.959923,0.040046,3.1e-05,0.340387
hurs,South America (continental),1992,0.378697,0.014376,1.3e-05,0.393085,0.963397,0.036571,3.2e-05,0.318257
hurs,South America (continental),1993,0.378697,0.013102,1.3e-05,0.391812,0.966527,0.03344,3.3e-05,0.295582
hurs,South America (continental),1994,0.378697,0.011978,1.3e-05,0.390688,0.969308,0.030658,3.4e-05,0.272389
hurs,South America (continental),1995,0.378697,0.011002,1.3e-05,0.389712,0.971736,0.02823,3.4e-05,0.248703
hurs,South America (continental),1996,0.378697,0.010172,1.3e-05,0.388882,0.97381,0.026157,3.3e-05,0.224548
hurs,South America (continental),1997,0.378697,0.009486,1.3e-05,0.388196,0.97553,0.024437,3.2e-05,0.199949
hurs,South America (continental),1998,0.378697,0.008942,1.3e-05,0.387652,0.976901,0.023067,3.2e-05,0.17493
hurs,South America (continental),1999,0.378697,0.008535,1.3e-05,0.387246,0.977925,0.022041,3.5e-05,0.149514
hurs,South America (continental),2000,0.378697,0.008262,1.6e-05,0.386975,0.978608,0.021351,4.1e-05,0.123725
hurs,South America (continental),2001,0.378697,0.00812,2.1e-05,0.386838,0.978955,0.020991,5.4e-05,0.097584
hurs,South America (continental),2002,0.378697,0.008104,2.9e-05,0.386831,0.978974,0.020951,7.6e-05,0.071115
hurs,South America (continental),2003,0.378697,0.008211,4.3e-05,0.386951,0.978669,0.02122,0.000111,0.044338
hurs,South America (continental),2004,0.378697,0.008437,6.3e-05,0.387198,0.978046,0.02179,0.000164,0.017276
hurs,South America (continental),2005,0.378697,0.008778,9.3e-05,0.387568,0.977111,0.02265,0.000239,-0.010051
hurs,South America (continental),2006,0.378697,0.009232,0.000133,0.388063,0.975865,0.023791,0.000344,-0.037623
hurs,South America (continental),2007,0.378697,0.009796,0.000188,0.388681,0.974313,0.025203,0.000484,-0.065419
hurs,South America (continental),2008,0.378697,0.010467,0.00026,0.389424,0.972453,0.026879,0.000668,-0.09342
hurs,South America (continental),2009,0.378697,0.011245,0.000353,0.390295,0.970285,0.028811,0.000904,-0.121607
hurs,South America (continental),2010,0.378697,0.012128,0.000471,0.391295,0.967804,0.030994,0.001203,-0.149961
hurs,South America (continental),2011,0.378697,0.013116,0.000618,0.392431,0.965004,0.033422,0.001574,-0.178463
hurs,South America (continental),2012,0.378697,0.01421,0.000799,0.393706,0.961877,0.036093,0.00203,-0.207096
hurs,South America (continental),2013,0.378697,0.015412,0.00102,0.39513,0.958412,0.039006,0.002582,-0.235843
hurs,South America (continental),2014,0.378697,0.016725,0.001287,0.39671,0.954595,0.04216,0.003245,-0.264686
hurs,South America (continental),2015,0.378697,0.018152,0.001607,0.398456,0.95041,0.045557,0.004033,-0.293609
hurs,South America (continental),2016,0.378697,0.019698,0.001986,0.400381,0.945841,0.049199,0.00496,-0.322596
hurs,South America (continental),2017,0.378697,0.021369,0.002432,0.402499,0.940865,0.053092,0.006043,-0.351631
hurs,South America (continental),2018,0.378697,0.023172,0.002954,0.404823,0.935463,0.05724,0.007297,-0.3807
hurs,South America (continental),2019,0.378697,0.025115,0.00356,0.407372,0.92961,0.061651,0.008739,-0.409786
hurs,South America (continental),2020,0.378697,0.027207,0.00426,0.410164,0.923282,0.066332,0.010386,-0.438876
hurs,South America (continental),2021,0.378697,0.029458,0.005064,0.41322,0.916455,0.071289,0.012256,-0.467955
hurs,South America (continental),2022,0.378697,0.031881,0.005983,0.416561,0.909104,0.076533,0.014364,-0.497011
hurs,South America (continental),2023,0.378697,0.034486,0.007029,0.420212,0.901204,0.082069,0.016727,-0.526031
hurs,South America (continental),2024,0.378697,0.037289,0.008213,0.424199,0.892734,0.087906,0.019361,-0.555001
hurs,South America (continental),2025,0.378697,0.040304,0.009548,0.42855,0.883671,0.094049,0.02228,-0.583909
hurs,South America (continental),2026,0.378697,0.043547,0.011048,0.433292,0.873999,0.100503,0.025498,-0.612744
hurs,South America (continental),2027,0.378697,0.047034,0.012727,0.438458,0.863701,0.107272,0.029027,-0.641494
hurs,South America (continental),2028,0.378697,0.050783,0.0146,0.44408,0.852768,0.114355,0.032877,-0.670149
hurs,South America (continental),2029,0.378697,0.054812,0.016682,0.450191,0.841191,0.121753,0.037056,-0.698697
hurs,South America (continental),2030,0.378697,0.059141,0.01899,0.456827,0.828972,0.129459,0.041569,-0.72713
hurs,South America (continental),2031,0.378697,0.063788,0.02154,0.464025,0.816113,0.137468,0.04642,-0.755436
hurs,South America (continental),2032,0.378697,0.068776,0.02435,0.471823,0.802626,0.145766,0.051608,-0.783608
hurs,South America (continental),2033,0.378697,0.074124,0.027438,0.480259,0.788527,0.154341,0.057132,-0.811637
hurs,South America (continental),2034,0.378697,0.079853,0.030823,0.489374,0.77384,0.163174,0.062985,-0.839513
hurs,South America (continental),2035,0.378697,0.085986,0.034525,0.499208,0.758595,0.172245,0.06916,-0.86723
hurs,South America (continental),2036,0.378697,0.092544,0.038564,0.509805,0.742828,0.181528,0.075645,-0.89478
hurs,South America (continental),2037,0.378697,0.099548,0.04296,0.521205,0.726579,0.190996,0.082425,-0.922155
hurs,South America (continental),2038,0.378697,0.107021,0.047736,0.533453,0.709897,0.200619,0.089484,-0.94935
hurs,South America (continental),2039,0.378697,0.114983,0.052912,0.546592,0.692833,0.210364,0.096803,-0.976358
hurs,South America (continental),2040,0.378697,0.123456,0.058512,0.560665,0.675443,0.220196,0.104361,-1.003173
hurs,South America (continental),2041,0.378697,0.13246,0.064558,0.575716,0.657785,0.23008,0.112136,-1.029791
hurs,South America (continental),2042,0.378697,0.142016,0.071075,0.591788,0.63992,0.239978,0.120102,-1.056206
hurs,South America (continental),2043,0.378697,0.152142,0.078086,0.608926,0.62191,0.249854,0.128236,-1.082414
hurs,South America (continental),2044,0.378697,0.162857,0.085617,0.627171,0.603818,0.25967,0.136513,-1.108412
hurs,South America (continental),2045,0.378697,0.174179,0.093692,0.646567,0.585704,0.26939,0.144906,-1.134195
hurs,South America (continental),2046,0.378697,0.186122,0.102336,0.667155,0.567629,0.278979,0.153392,-1.15976
hurs,South America (continental),2047,0.378697,0.198703,0.111577,0.688976,0.549652,0.288403,0.161945,-1.185105
hurs,South America (continental),2048,0.378697,0.211934,0.121439,0.71207,0.531826,0.297631,0.170543,-1.210228
hurs,South America (continental),2049,0.378697,0.225828,0.131949,0.736474,0.514203,0.306634,0.179164,-1.235127
hurs,South America (continental),2050,0.378697,0.240394,0.143135,0.762227,0.49683,0.315384,0.187786,-1.2598
hurs,South America (continental),2051,0.378697,0.255642,0.155024,0.789363,0.47975,0.323858,0.196391,-1.284247
hurs,South America (continental),2052,0.378697,0.271577,0.167643,0.817917,0.463002,0.332035,0.204963,-1.308467
hurs,South America (continental),2053,0.378697,0.288205,0.181019,0.84792,0.446619,0.339896,0.213486,-1.33246
hurs,South America (continental),2054,0.378697,0.305526,0.19518,0.879403,0.43063,0.347425,0.221946,-1.356226
hurs,South America (continental),2055,0.378697,0.323543,0.210154,0.912394,0.415059,0.354609,0.230332,-1.379767
hurs,South America (continental),2056,0.378697,0.342252,0.225968,0.946918,0.399926,0.361439,0.238635,-1.403083
hurs,South America (continental),2057,0.378697,0.36165,0.242651,0.982998,0.385247,0.367905,0.246848,-1.426177
hurs,South America (continental),2058,0.378697,0.38173,0.260229,1.020656,0.371033,0.374004,0.254963,-1.44905
hurs,South America (continental),2059,0.378697,0.402482,0.278732,1.059911,0.357291,0.379732,0.262976,-1.471705
hurs,South America (continental),2060,0.378697,0.423896,0.298185,1.100778,0.344027,0.385088,0.270885,-1.494145
hurs,South America (continental),2061,0.378697,0.445957,0.318616,1.143271,0.33124,0.390072,0.278688,-1.516373
hurs,South America (continental),2062,0.378697,0.46865,0.340053,1.1874,0.31893,0.394686,0.286384,-1.538394
hurs,South America (continental),2063,0.378697,0.491955,0.362521,1.233173,0.307092,0.398934,0.293974,-1.560211
hurs,South America (continental),2064,0.378697,0.515853,0.386047,1.280597,0.295719,0.402822,0.301459,-1.581829
hurs,South America (continental),2065,0.378697,0.540319,0.410658,1.329674,0.284804,0.406355,0.308841,-1.603254
hurs,South America (continental),2066,0.378697,0.56533,0.436377,1.380404,0.274338,0.409539,0.316123,-1.62449
hurs,South America (continental),2067,0.378697,0.590858,0.46323,1.432785,0.264308,0.412384,0.323308,-1.645545
hurs,South America (continental),2068,0.378697,0.616875,0.491242,1.486814,0.254704,0.414897,0.330399,-1.666425
hurs,South America (continental),2069,0.378697,0.643351,0.520435,1.542483,0.245511,0.417088,0.337401,-1.687135
hurs,South America (continental),2070,0.378697,0.670254,0.550832,1.599783,0.236718,0.418965,0.344317,-1.707685
hurs,South America (continental),2071,0.378697,0.697552,0.582456,1.658705,0.228309,0.42054,0.351151,-1.728081
hurs,South America (continental),2072,0.378697,0.725212,0.615328,1.719237,0.22027,0.421822,0.357907,-1.748332
hurs,South America (continental),2073,0.378697,0.753201,0.649467,1.781365,0.212588,0.422823,0.364589,-1.768447
hurs,South America (continental),2074,0.378697,0.781485,0.684893,1.845075,0.205248,0.423552,0.3712,-1.788434
hurs,South America (continental),2075,0.378697,0.810032,0.721624,1.910353,0.198234,0.424022,0.377744,-1.808302
hurs,South America (continental),2076,0.378697,0.838808,0.759677,1.977183,0.191534,0.424244,0.384222,-1.828063
hurs,South America (continental),2077,0.378697,0.867784,0.799069,2.04555,0.185132,0.42423,0.390638,-1.847726
hurs,South America (continental),2078,0.378697,0.896931,0.839814,2.115442,0.179016,0.423992,0.396992,-1.867303
hurs,South America (continental),2079,0.378697,0.926222,0.881925,2.186844,0.173171,0.423543,0.403287,-1.886803
hurs,South America (continental),2080,0.378697,0.955636,0.925414,2.259748,0.167584,0.422895,0.409521,-1.90624
hurs,South America (continental),2081,0.378697,0.985153,0.970293,2.334143,0.162242,0.422062,0.415696,-1.925625
hurs,South America (continental),2082,0.378697,1.014758,1.01657,2.410025,0.157134,0.421057,0.421809,-1.944971
hurs,South America (continental),2083,0.378697,1.044444,1.064253,2.487394,0.152246,0.419895,0.427859,-1.96429
hurs,South America (continental),2084,0.378697,1.074209,1.113348,2.566254,0.147568,0.41859,0.433842,-1.983596
hurs,South America (continental),2085,0.378697,1.104057,1.163859,2.646613,0.143087,0.417158,0.439754,-2.002904
hurs,South America (continental),2086,0.378697,1.134001,1.215789,2.728488,0.138794,0.415615,0.445591,-2.022227
hurs,South America (continental),2087,0.378697,1.164066,1.26914,2.811903,0.134676,0.413978,0.451345,-2.041579
hurs,South America (continental),2088,0.378697,1.194285,1.32391,2.896892,0.130725,0.412264,0.45701,-2.060977
hurs,South America (continental),2089,0.378697,1.224704,1.380096,2.983497,0.126931,0.410493,0.462577,-2.080436
hurs,South America (continental),2090,0.378697,1.255381,1.437693,3.071771,0.123283,0.408683,0.468034,-2.099971
hurs,South America (continental),2091,0.378697,1.286389,1.496696,3.161782,0.119773,0.406856,0.473371,-2.1196
hurs,South America (continental),2092,0.378697,1.317818,1.557095,3.25361,0.116393,0.405032,0.478575,-2.139339
hurs,South America (continental),2093,0.378697,1.349774,1.61888,3.347351,0.113133,0.403236,0.48363,-2.159205
hurs,South America (continental),2094,0.378697,1.382383,1.682038,3.443118,0.109987,0.401492,0.488522,-2.179216
hurs,South America (continental),2095,0.378697,1.415792,1.746553,3.541042,0.106945,0.399824,0.493231,-2.199391
hurs,South America (continental),2096,0.378697,1.45017,1.812408,3.641275,0.104001,0.398259,0.49774,-2.219747
hurs,South America (continental),2097,0.378697,1.485711,1.879584,3.743992,0.101148,0.396825,0.502027,-2.240305
hurs,South America (continental),2098,0.378697,1.522634,1.948059,3.84939,0.098378,0.395552,0.50607,-2.261083
hurs,South America (continental),2099,0.378697,1.561189,2.017809,3.957695,0.095686,0.394469,0.509845,-2.282102
hurs,South America (continental),2100,0.378697,1.601655,2.088807,4.069159,0.093065,0.393608,0.513327,-2.303382
hurs,Southern Cone,1950,1.489067,0.229304,0.001525,1.719896,0.865789,0.133324,0.000887,0.129195
hurs,Southern Cone,1951,1.489067,0.202599,0.001078,1.692744,0.879677,0.119687,0.000637,0.15459
hurs,Southern Cone,1952,1.489067,0.179397,0.000734,1.669198,0.892085,0.107475,0.00044,0.178457
hurs,Southern Cone,1953,1.489067,0.159303,0.000477,1.648847,0.903096,0.096615,0.000289,0.200836
hurs,Southern Cone,1954,1.489067,0.141957,0.000292,1.631316,0.912801,0.08702,0.000179,0.221767
hurs,Southern Cone,1955,1.489067,0.127034,0.000166,1.616267,0.9213,0.078597,0.000103,0.241288
hurs,Southern Cone,1956,1.489067,0.114237,8.7e-05,1.603392,0.928698,0.071247,5.4e-05,0.25944
hurs,Southern Cone,1957,1.489067,0.103301,4.6e-05,1.592414,0.9351,0.064871,2.9e-05,0.276259
hurs,Southern Cone,1958,1.489067,0.093985,3.5e-05,1.583087,0.94061,0.059368,2.2e-05,0.291784
hurs,Southern Cone,1959,1.489067,0.086074,4.5e-05,1.575186,0.945328,0.054643,2.9e-05,0.306053
hurs,Southern Cone,1960,1.489067,0.079375,7.1e-05,1.568513,0.949349,0.050605,4.5e-05,0.319101
hurs,Southern Cone,1961,1.489067,0.073718,0.000107,1.562892,0.952764,0.047168,6.8e-05,0.330966
hurs,Southern Cone,1962,1.489067,0.06895,0.000149,1.558166,0.955653,0.044251,9.6e-05,0.341684
hurs,Southern Cone,1963,1.489067,0.064937,0.000194,1.554198,0.958094,0.041782,0.000125,0.351291
hurs,Southern Cone,1964,1.489067,0.06156,0.000239,1.550866,0.960152,0.039694,0.000154,0.359821
hurs,Southern Cone,1965,1.489067,0.058718,0.000281,1.548066,0.961889,0.03793,0.000181,0.367309
hurs,Southern Cone,1966,1.489067,0.056319,0.000319,1.545705,0.963358,0.036436,0.000206,0.37379
hurs,Southern Cone,1967,1.489067,0.054287,0.000352,1.543705,0.964606,0.035167,0.000228,0.379297
hurs,Southern Cone,1968,1.489067,0.052555,0.000378,1.542,0.965672,0.034082,0.000245,0.383864
hurs,Southern Cone,1969,1.489067,0.051067,0.000399,1.540533,0.966592,0.033149,0.000259,0.387524
hurs,Southern Cone,1970,1.489067,0.049776,0.000413,1.539256,0.967394,0.032338,0.000268,0.39031
hurs,Southern Cone,1971,1.489067,0.048642,0.000421,1.53813,0.968102,0.031624,0.000274,0.392253
hurs,Southern Cone,1972,1.489067,0.047634,0.000423,1.537124,0.968736,0.030989,0.000275,0.393385
hurs,Southern Cone,1973,1.489067,0.046726,0.00042,1.536213,0.96931,0.030417,0.000273,0.393738
hurs,Southern Cone,1974,1.489067,0.045898,0.000412,1.535377,0.969838,0.029894,0.000268,0.393341
hurs,Southern Cone,1975,1.489067,0.045135,0.0004,1.534602,0.970328,0.029411,0.000261,0.392227
hurs,Southern Cone,1976,1.489067,0.044425,0.000386,1.533878,0.970786,0.028963,0.000252,0.390423
hurs,Southern Cone,1977,1.489067,0.043763,0.000369,1.533199,0.971216,0.028543,0.000241,0.38796
hurs,Southern Cone,1978,1.489067,0.043143,0.000351,1.532561,0.97162,0.028151,0.000229,0.384867
hurs,Southern Cone,1979,1.489067,0.042564,0.000333,1.531964,0.971999,0.027784,0.000218,0.381173
hurs,Southern Cone,1980,1.489067,0.042027,0.000316,1.53141,0.97235,0.027443,0.000206,0.376905
hurs,Southern Cone,1981,1.489067,0.041535,0.0003,1.530902,0.972673,0.027131,0.000196,0.372091
hurs,Southern Cone,1982,1.489067,0.041092,0.000286,1.530444,0.972964,0.026849,0.000187,0.366758
hurs,Southern Cone,1983,1.489067,0.040702,0.000275,1.530044,0.973219,0.026602,0.00018,0.360933
hurs,Southern Cone,1984,1.489067,0.040372,0.000267,1.529707,0.973433,0.026392,0.000175,0.354643
hurs,Southern Cone,1985,1.489067,0.040109,0.000264,1.52944,0.973603,0.026224,0.000173,0.347914
hurs,Southern Cone,1986,1.489067,0.039918,0.000265,1.529251,0.973723,0.026103,0.000173,0.34077
hurs,Southern Cone,1987,1.489067,0.039808,0.000272,1.529147,0.973789,0.026033,0.000178,0.333237
hurs,Southern Cone,1988,1.489067,0.039786,0.000283,1.529136,0.973796,0.026019,0.000185,0.325339
hurs,Southern Cone,1989,1.489067,0.039858,0.000301,1.529226,0.973739,0.026064,0.000197,0.317101
hurs,Southern Cone,1990,1.489067,0.040031,0.000324,1.529422,0.973615,0.026174,0.000212,0.308546
hurs,Southern Cone,1991,1.489067,0.040311,0.000353,1.529731,0.973418,0.026352,0.000231,0.299698
hurs,Southern Cone,1992,1.489067,0.040704,0.000388,1.530159,0.973145,0.026601,0.000253,0.290579
hurs,Southern Cone,1993,1.489067,0.041217,0.000428,1.530712,0.972794,0.026927,0.00028,0.281211
hurs,Southern Cone,1994,1.489067,0.041853,0.000475,1.531395,0.97236,0.02733,0.00031,0.271617
hurs,Southern Cone,1995,1.489067,0.042618,0.000527,1.532212,0.971841,0.027815,0.000344,0.261819
hurs,Southern Cone,1996,1.489067,0.043516,0.000584,1.533167,0.971236,0.028383,0.000381,0.251836
hurs,Southern Cone,1997,1.489067,0.044549,0.000646,1.534262,0.970543,0.029036,0.000421,0.24169
hurs,Southern Cone,1998,1.489067,0.045722,0.000713,1.535502,0.969759,0.029776,0.000464,0.231401
hurs,Southern Cone,1999,1.489067,0.047036,0.000784,1.536887,0.968885,0.030605,0.00051,0.220988
hurs,Southern Cone,2000,1.489067,0.048494,0.000859,1.53842,0.96792,0.031522,0.000558,0.210471
hurs,Southern Cone,2001,1.489067,0.050099,0.000937,1.540103,0.966862,0.032529,0.000609,0.199869
hurs,Southern Cone,2002,1.489067,0.05185,0.001019,1.541936,0.965713,0.033627,0.000661,0.1892
hurs,Southern Cone,2003,1.489067,0.053751,0.001103,1.543921,0.964471,0.034815,0.000714,0.178482
hurs,Southern Cone,2004,1.489067,0.055802,0.001189,1.546057,0.963138,0.036093,0.000769,0.167732
hurs,Southern Cone,2005,1.489067,0.058003,0.001276,1.548347,0.961714,0.037461,0.000824,0.156968
hurs,Southern Cone,2006,1.489067,0.060357,0.001366,1.550789,0.960199,0.03892,0.000881,0.146206
hurs,Southern Cone,2007,1.489067,0.062863,0.001455,1.553386,0.958594,0.040469,0.000937,0.135462
hurs,Southern Cone,2008,1.489067,0.065524,0.001546,1.556137,0.9569,0.042107,0.000993,0.124752
hurs,Southern Cone,2009,1.489067,0.06834,0.001636,1.559043,0.955116,0.043834,0.00105,0.114092
hurs,Southern Cone,2010,1.489067,0.071312,0.001727,1.562106,0.953244,0.045651,0.001105,0.103495
hurs,Southern Cone,2011,1.489067,0.074442,0.001817,1.565326,0.951283,0.047557,0.00116,0.092978
hurs,Southern Cone,2012,1.489067,0.077733,0.001906,1.568705,0.949233,0.049552,0.001215,0.082552
hurs,Southern Cone,2013,1.489067,0.081186,0.001994,1.572246,0.947095,0.051637,0.001268,0.072233
hurs,Southern Cone,2014,1.489067,0.084803,0.002081,1.575951,0.944869,0.053811,0.00132,0.062033
hurs,Southern Cone,2015,1.489067,0.088589,0.002166,1.579823,0.942553,0.056075,0.001371,0.051965
hurs,Southern Cone,2016,1.489067,0.092547,0.002251,1.583865,0.940148,0.058431,0.001421,0.04204
hurs,Southern Cone,2017,1.489067,0.09668,0.002334,1.588081,0.937652,0.060879,0.00147,0.032271
hurs,Southern Cone,2018,1.489067,0.100994,0.002416,1.592477,0.935064,0.063419,0.001517,0.02267
hurs,Southern Cone,2019,1.489067,0.105493,0.002496,1.597056,0.932382,0.066055,0.001563,0.013246
hurs,Southern Cone,2020,1.489067,0.110183,0.002576,1.601826,0.929606,0.068786,0.001608,0.00401
hurs,Southern Cone,2021,1.489067,0.11507,0.002654,1.606791,0.926733,0.071615,0.001652,-0.005027
hurs,Southern Cone,2022,1.489067,0.120161,0.002732,1.61196,0.923762,0.074544,0.001695,-0.013857
hurs,Southern Cone,2023,1.489067,0.125463,0.00281,1.61734,0.920689,0.077574,0.001737,-0.02247
hurs,Southern Cone,2024,1.489067,0.130984,0.002887,1.622939,0.917513,0.080708,0.001779,-0.030857
hurs,Southern Cone,2025,1.489067,0.136732,0.002965,1.628764,0.914231,0.083948,0.00182,-0.039011
hurs,Southern Cone,2026,1.489067,0.142716,0.003043,1.634826,0.910841,0.087297,0.001861,-0.046923
hurs,Southern Cone,2027,1.489067,0.148943,0.003123,1.641133,0.907341,0.090756,0.001903,-0.054586
hurs,Southern Cone,2028,1.489067,0.155424,0.003204,1.647695,0.903727,0.094328,0.001944,-0.061994
hurs,Southern Cone,2029,1.489067,0.162168,0.003287,1.654523,0.899998,0.098015,0.001987,-0.069139
hurs,Southern Cone,2030,1.489067,0.169185,0.003373,1.661625,0.896151,0.101819,0.00203,-0.076016
hurs,Southern Cone,2031,1.489067,0.176484,0.003462,1.669013,0.892184,0.105742,0.002074,-0.08262
hurs,Southern Cone,2032,1.489067,0.184075,0.003554,1.676697,0.888096,0.109785,0.00212,-0.088944
hurs,Southern Cone,2033,1.489067,0.191968,0.003651,1.684687,0.883884,0.113949,0.002167,-0.094986
hurs,Southern Cone,2034,1.489067,0.200173,0.003753,1.692993,0.879547,0.118236,0.002217,-0.100739
hurs,Southern Cone,2035,1.489067,0.208698,0.00386,1.701625,0.875085,0.122646,0.002268,-0.106201
hurs,Southern Cone,2036,1.489067,0.217552,0.003973,1.710592,0.870498,0.127179,0.002323,-0.111369
hurs,Southern Cone,2037,1.489067,0.226744,0.004094,1.719905,0.865785,0.131835,0.00238,-0.116238
hurs,Southern Cone,2038,1.489067,0.236282,0.004221,1.72957,0.860946,0.136613,0.002441,-0.120807
hurs,Southern Cone,2039,1.489067,0.246173,0.004357,1.739596,0.855984,0.141511,0.002504,-0.125074
hurs,Southern Cone,2040,1.489067,0.256423,0.004501,1.749991,0.8509,0.146528,0.002572,-0.129037
hurs,Southern Cone,2041,1.489067,0.267038,0.004655,1.760759,0.845696,0.15166,0.002644,-0.132696
hurs,Southern Cone,2042,1.489067,0.278022,0.004819,1.771907,0.840375,0.156905,0.00272,-0.136048
hurs,Southern Cone,2043,1.489067,0.289378,0.004994,1.783439,0.834941,0.162259,0.0028,-0.139095
hurs,Southern Cone,2044,1.489067,0.301109,0.00518,1.795357,0.829399,0.167716,0.002885,-0.141836
hurs,Southern Cone,2045,1.489067,0.313216,0.00538,1.807663,0.823753,0.173271,0.002976,-0.144273
hurs,Southern Cone,2046,1.489067,0.325697,0.005592,1.820357,0.818008,0.17892,0.003072,-0.146405
hurs,Southern Cone,2047,1.489067,0.338551,0.00582,1.833438,0.812172,0.184654,0.003174,-0.148234
hurs,Southern Cone,2048,1.489067,0.351774,0.006063,1.846904,0.80625,0.190467,0.003283,-0.149764
hurs,Southern Cone,2049,1.489067,0.36536,0.006322,1.86075,0.800251,0.196351,0.003398,-0.150995
hurs,Southern Cone,2050,1.489067,0.379302,0.0066,1.87497,0.794182,0.202298,0.00352,-0.151931
hurs,Southern Cone,2051,1.489067,0.393591,0.006898,1.889556,0.788051,0.208298,0.00365,-0.152575
hurs,Southern Cone,2052,1.489067,0.408217,0.007216,1.9045,0.781868,0.214343,0.003789,-0.152931
hurs,Southern Cone,2053,1.489067,0.423166,0.007558,1.919791,0.77564,0.220423,0.003937,-0.153002
hurs,Southern Cone,2054,1.489067,0.438423,0.007925,1.935415,0.769379,0.226527,0.004095,-0.152795
hurs,Southern Cone,2055,1.489067,0.453973,0.008319,1.951359,0.763092,0.232645,0.004263,-0.152313
hurs,Southern Cone,2056,1.489067,0.469797,0.008744,1.967608,0.756791,0.238766,0.004444,-0.151562
hurs,Southern Cone,2057,1.489067,0.485875,0.009202,1.984144,0.750483,0.244879,0.004638,-0.150549
hurs,Southern Cone,2058,1.489067,0.502185,0.009697,2.000949,0.74418,0.250973,0.004846,-0.149278
hurs,Southern Cone,2059,1.489067,0.518703,0.010233,2.018003,0.737891,0.257038,0.005071,-0.147759
hurs,Southern Cone,2060,1.489067,0.535405,0.010814,2.035286,0.731625,0.263061,0.005313,-0.145996
hurs,Southern Cone,2061,1.489067,0.552264,0.011445,2.052777,0.725392,0.269033,0.005576,-0.143999
hurs,Southern Cone,2062,1.489067,0.569253,0.012133,2.070454,0.719199,0.274941,0.00586,-0.141776
hurs,Southern Cone,2063,1.489067,0.586343,0.012883,2.088294,0.713054,0.280776,0.006169,-0.139334
hurs,Southern Cone,2064,1.489067,0.603506,0.013703,2.106276,0.706967,0.286527,0.006506,-0.136684
hurs,Southern Cone,2065,1.489067,0.62071,0.014601,2.124378,0.700942,0.292184,0.006873,-0.133834
hurs,Southern Cone,2066,1.489067,0.637927,0.015587,2.142581,0.694988,0.297738,0.007275,-0.130795
hurs,Southern Cone,2067,1.489067,0.655127,0.016669,2.160864,0.689107,0.303178,0.007714,-0.127577
hurs,Southern Cone,2068,1.489067,0.672282,0.017861,2.17921,0.683306,0.308498,0.008196,-0.12419
hurs,Southern Cone,2069,1.489067,0.689363,0.019174,2.197604,0.677587,0.313688,0.008725,-0.120646
hurs,Southern Cone,2070,1.489067,0.706344,0.020623,2.216035,0.671951,0.318743,0.009306,-0.116957
hurs,Southern Cone,2071,1.489067,0.723203,0.022223,2.234493,0.6664,0.323654,0.009946,-0.113134
hurs,Southern Cone,2072,1.489067,0.739917,0.023993,2.252977,0.660933,0.328418,0.010649,-0.109191
hurs,Southern Cone,2073,1.489067,0.756469,0.02595,2.271486,0.655548,0.333028,0.011424,-0.105141
hurs,Southern Cone,2074,1.489067,0.772846,0.028116,2.29003,0.650239,0.337483,0.012278,-0.100996
hurs,Southern Cone,2075,1.489067,0.789039,0.030515,2.308622,0.645003,0.341779,0.013218,-0.096771
hurs,Southern Cone,2076,1.489067,0.805046,0.033172,2.327286,0.63983,0.345916,0.014254,-0.09248
hurs,Southern Cone,2077,1.489067,0.820871,0.036116,2.346054,0.634711,0.349894,0.015394,-0.088137
hurs,Southern Cone,2078,1.489067,0.836526,0.039376,2.364969,0.629635,0.353715,0.01665,-0.083759
hurs,Southern Cone,2079,1.489067,0.852031,0.042987,2.384085,0.624586,0.357383,0.018031,-0.079361
hurs,Southern Cone,2080,1.489067,0.867417,0.046986,2.403469,0.619549,0.360902,0.019549,-0.074959
hurs,Southern Cone,2081,1.489067,0.882726,0.051411,2.423204,0.614503,0.36428,0.021216,-0.070569
hurs,Southern Cone,2082,1.489067,0.898012,0.056308,2.443387,0.609428,0.367527,0.023045,-0.066208
hurs,Southern Cone,2083,1.489067,0.913343,0.061723,2.464133,0.604297,0.370655,0.025049,-0.061894
hurs,Southern Cone,2084,1.489067,0.928803,0.067707,2.485577,0.599083,0.373677,0.02724,-0.057646
hurs,Southern Cone,2085,1.489067,0.944492,0.074317,2.507876,0.593756,0.37661,0.029633,-0.05348
hurs,Southern Cone,2086,1.489067,0.960528,0.081612,2.531207,0.588283,0.379474,0.032242,-0.049416
hurs,Southern Cone,2087,1.489067,0.977052,0.089657,2.555776,0.582628,0.382292,0.03508,-0.045473
hurs,Southern Cone,2088,1.489067,0.994223,0.098523,2.581814,0.576752,0.385087,0.03816,-0.041671
hurs,Southern Cone,2089,1.489067,1.012229,0.108285,2.609581,0.570615,0.387889,0.041495,-0.03803
hurs,Southern Cone,2090,1.489067,1.031279,0.119025,2.639372,0.564175,0.390729,0.045096,-0.03457
hurs,Southern Cone,2091,1.489067,1.051615,0.130831,2.671513,0.557387,0.39364,0.048973,-0.031313
hurs,Southern Cone,2092,1.489067,1.073506,0.143796,2.70637,0.550208,0.396659,0.053133,-0.028279
hurs,Southern Cone,2093,1.489067,1.097257,0.158022,2.744347,0.542594,0.399825,0.057581,-0.025491
hurs,Southern Cone,2094,1.489067,1.123208,0.173618,2.785893,0.534503,0.403177,0.06232,-0.022971
hurs,Southern Cone,2095,1.489067,1.151735,0.190699,2.831501,0.525893,0.406758,0.067349,-0.020742
hurs,Southern Cone,2096,1.489067,1.183259,0.209389,2.881715,0.516729,0.410609,0.072661,-0.018827
hurs,Southern Cone,2097,1.489067,1.218242,0.229822,2.937131,0.50698,0.414773,0.078247,-0.017249
hurs,Southern Cone,2098,1.489067,1.257194,0.252139,2.9984,0.496621,0.419288,0.084091,-0.016033
hurs,Southern Cone,2099,1.489067,1.300676,0.276492,3.066235,0.485634,0.424193,0.090173,-0.015203
hurs,Southern Cone,2100,1.489067,1.349302,0.303042,3.141412,0.474012,0.429521,0.096467,-0.014784
hurs,Subtropical Andes,1950,1.753946,0.260929,0.00164,2.016514,0.869791,0.129396,0.000813,0.559564
hurs,Subtropical Andes,1951,1.753946,0.253169,0.001231,2.008345,0.873329,0.126058,0.000613,0.599205
hurs,Subtropical Andes,1952,1.753946,0.247634,0.000902,2.002482,0.875886,0.123664,0.00045,0.63582
hurs,Subtropical Andes,1953,1.753946,0.243824,0.000641,1.99841,0.87767,0.122009,0.000321,0.669482
hurs,Subtropical Andes,1954,1.753946,0.241298,0.000439,1.995683,0.87887,0.12091,0.00022,0.700262
hurs,Subtropical Andes,1955,1.753946,0.239679,0.000286,1.99391,0.879651,0.120205,0.000143,0.728231
hurs,Subtropical Andes,1956,1.753946,0.238638,0.000174,1.992758,0.88016,0.119753,8.7e-05,0.753457
hurs,Subtropical Andes,1957,1.753946,0.2379,9.6e-05,1.991942,0.88052,0.119431,4.8e-05,0.776011
hurs,Subtropical Andes,1958,1.753946,0.237231,4.6e-05,1.991223,0.880838,0.119138,2.3e-05,0.79596
hurs,Subtropical Andes,1959,1.753946,0.236439,1.9e-05,1.990404,0.881201,0.11879,9e-06,0.813372
hurs,Subtropical Andes,1960,1.753946,0.235369,9e-06,1.989324,0.881679,0.118316,5e-06,0.828314
hurs,Subtropical Andes,1961,1.753946,0.233897,1.4e-05,1.987856,0.88233,0.117663,7e-06,0.840852
hurs,Subtropical Andes,1962,1.753946,0.231929,2.9e-05,1.985904,0.883198,0.116788,1.5e-05,0.851051
hurs,Subtropical Andes,1963,1.753946,0.2294,5.2e-05,1.983397,0.884314,0.11566,2.6e-05,0.858976
hurs,Subtropical Andes,1964,1.753946,0.226264,8e-05,1.98029,0.885701,0.114258,4.1e-05,0.86469
hurs,Subtropical Andes,1965,1.753946,0.222499,0.000112,1.976557,0.887374,0.112569,5.7e-05,0.868257
hurs,Subtropical Andes,1966,1.753946,0.218098,0.000146,1.97219,0.889339,0.110587,7.4e-05,0.869739
hurs,Subtropical Andes,1967,1.753946,0.213072,0.00018,1.967198,0.891596,0.108313,9.1e-05,0.869198
hurs,Subtropical Andes,1968,1.753946,0.207443,0.000213,1.961602,0.894139,0.105752,0.000109,0.866694
hurs,Subtropical Andes,1969,1.753946,0.201246,0.000246,1.955437,0.896958,0.102916,0.000126,0.862288
hurs,Subtropical Andes,1970,1.753946,0.194523,0.000276,1.948745,0.900039,0.09982,0.000142,0.856038
hurs,Subtropical Andes,1971,1.753946,0.187325,0.000305,1.941575,0.903362,0.096481,0.000157,0.848005
hurs,Subtropical Andes,1972,1.753946,0.179709,0.00033,1.933985,0.906908,0.092922,0.000171,0.838245
hurs,Subtropical Andes,1973,1.753946,0.171735,0.000353,1.926033,0.910652,0.089165,0.000183,0.826816
hurs,Subtropical Andes,1974,1.753946,0.163466,0.000373,1.917785,0.914568,0.085237,0.000195,0.813773
hurs,Subtropical Andes,1975,1.753946,0.15497,0.00039,1.909306,0.91863,0.081166,0.000204,0.799174
hurs,Subtropical Andes,1976,1.753946,0.146312,0.000405,1.900662,0.922808,0.076979,0.000213,0.783072
hurs,Subtropical Andes,1977,1.753946,0.137558,0.000416,1.89192,0.927072,0.072708,0.00022,0.765523
hurs,Subtropical Andes,1978,1.753946,0.128774,0.000426,1.883145,0.931392,0.068382,0.000226,0.746578
hurs,Subtropical Andes,1979,1.753946,0.120023,0.000432,1.874401,0.935737,0.064033,0.000231,0.726292
hurs,Subtropical Andes,1980,1.753946,0.111367,0.000437,1.865749,0.940076,0.05969,0.000234,0.704715
hurs,Subtropical Andes,1981,1.753946,0.102863,0.000439,1.857248,0.944379,0.055385,0.000236,0.6819
hurs,Subtropical Andes,1982,1.753946,0.094567,0.000439,1.848952,0.948616,0.051146,0.000237,0.657897
hurs,Subtropical Andes,1983,1.753946,0.086531,0.000438,1.840914,0.952758,0.047004,0.000238,0.632755
hurs,Subtropical Andes,1984,1.753946,0.0788,0.000435,1.83318,0.956777,0.042985,0.000237,0.606523
hurs,Subtropical Andes,1985,1.753946,0.071419,0.000431,1.825795,0.960648,0.039117,0.000236,0.57925
hurs,Subtropical Andes,1986,1.753946,0.064426,0.000425,1.818797,0.964344,0.035422,0.000234,0.550983
hurs,Subtropical Andes,1987,1.753946,0.057855,0.00042,1.81222,0.967844,0.031925,0.000232,0.52177
hurs,Subtropical Andes,1988,1.753946,0.051736,0.000413,1.806095,0.971126,0.028645,0.000229,0.491655
hurs,Subtropical Andes,1989,1.753946,0.046095,0.000407,1.800448,0.974172,0.025602,0.000226,0.460685
hurs,Subtropical Andes,1990,1.753946,0.040953,0.000402,1.7953,0.976965,0.022811,0.000224,0.428903
hurs,Subtropical Andes,1991,1.753946,0.036326,0.000398,1.790669,0.979492,0.020286,0.000222,0.396354
hurs,Subtropical Andes,1992,1.753946,0.032228,0.000395,1.786569,0.98174,0.018039,0.000221,0.36308
hurs,Subtropical Andes,1993,1.753946,0.028668,0.000395,1.783008,0.9837,0.016078,0.000222,0.329125
hurs,Subtropical Andes,1994,1.753946,0.02565,0.000399,1.779994,0.985366,0.01441,0.000224,0.294529
hurs,Subtropical Andes,1995,1.753946,0.023178,0.000406,1.77753,0.986732,0.013039,0.000229,0.259334
hurs,Subtropical Andes,1996,1.753946,0.021249,0.00042,1.775615,0.987796,0.011967,0.000237,0.223579
hurs,Subtropical Andes,1997,1.753946,0.019861,0.000441,1.774248,0.988557,0.011194,0.000248,0.187304
hurs,Subtropical Andes,1998,1.753946,0.019008,0.00047,1.773423,0.989017,0.010718,0.000265,0.150547
hurs,Subtropical Andes,1999,1.753946,0.01868,0.00051,1.773136,0.989177,0.010535,0.000288,0.113347
hurs,Subtropical Andes,2000,1.753946,0.018869,0.000562,1.773376,0.989043,0.01064,0.000317,0.07574
hurs,Subtropical Andes,2001,1.753946,0.019562,0.000629,1.774137,0.988619,0.011026,0.000355,0.037763
hurs,Subtropical Andes,2002,1.753946,0.020748,0.000714,1.775407,0.987912,0.011686,0.000402,-0.000549
hurs,Subtropical Andes,2003,1.753946,0.022413,0.000818,1.777177,0.986928,0.012612,0.00046,-0.03916
hurs,Subtropical Andes,2004,1.753946,0.024545,0.000946,1.779437,0.985675,0.013794,0.000532,-0.078037
hurs,Subtropical Andes,2005,1.753946,0.02713,0.001101,1.782177,0.984159,0.015223,0.000618,-0.117146
hurs,Subtropical Andes,2006,1.753946,0.030156,0.001287,1.785388,0.982389,0.01689,0.000721,-0.156454
hurs,Subtropical Andes,2007,1.753946,0.033611,0.001508,1.789064,0.980371,0.018787,0.000843,-0.19593
hurs,Subtropical Andes,2008,1.753946,0.037483,0.001768,1.793197,0.978111,0.020903,0.000986,-0.235542
hurs,Subtropical Andes,2009,1.753946,0.041765,0.002074,1.797784,0.975615,0.023231,0.001153,-0.27526
hurs,Subtropical Andes,2010,1.753946,0.046448,0.002429,1.802822,0.972889,0.025764,0.001347,-0.315054
hurs,Subtropical Andes,2011,1.753946,0.051526,0.002841,1.808313,0.969935,0.028494,0.001571,-0.354895
hurs,Subtropical Andes,2012,1.753946,0.056998,0.003316,1.814259,0.966756,0.031416,0.001828,-0.394755
hurs,Subtropical Andes,2013,1.753946,0.062861,0.003861,1.820667,0.963353,0.034527,0.00212,-0.434607
hurs,Subtropical Andes,2014,1.753946,0.06912,0.004482,1.827547,0.959726,0.037821,0.002453,-0.474424
hurs,Subtropical Andes,2015,1.753946,0.075778,0.005189,1.834913,0.955874,0.041298,0.002828,-0.514179
hurs,Subtropical Andes,2016,1.753946,0.082845,0.00599,1.84278,0.951793,0.044956,0.00325,-0.553848
hurs,Subtropical Andes,2017,1.753946,0.090332,0.006893,1.851171,0.947479,0.048797,0.003724,-0.593406
hurs,Subtropical Andes,2018,1.753946,0.098256,0.007909,1.860111,0.942925,0.052823,0.004252,-0.632829
hurs,Subtropical Andes,2019,1.753946,0.106635,0.009048,1.869629,0.938125,0.057036,0.00484,-0.672094
hurs,Subtropical Andes,2020,1.753946,0.115493,0.010321,1.879759,0.933069,0.06144,0.00549,-0.711179
hurs,Subtropical Andes,2021,1.753946,0.124855,0.011738,1.890539,0.927749,0.066042,0.006209,-0.750063
hurs,Subtropical Andes,2022,1.753946,0.134754,0.013313,1.902012,0.922153,0.070848,0.007,-0.788724
hurs,Subtropical Andes,2023,1.753946,0.145222,0.015058,1.914226,0.916269,0.075865,0.007866,-0.827142
hurs,Subtropical Andes,2024,1.753946,0.156299,0.016987,1.927231,0.910086,0.0811,0.008814,-0.865299
hurs,Subtropical Andes,2025,1.753946,0.168026,0.019113,1.941085,0.90359,0.086563,0.009846,-0.903176
hurs,Subtropical Andes,2026,1.753946,0.18045,0.021451,1.955846,0.896771,0.092262,0.010968,-0.940754
hurs,Subtropical Andes,2027,1.753946,0.193618,0.024017,1.971581,0.889614,0.098205,0.012182,-0.978017
hurs,Subtropical Andes,2028,1.753946,0.207585,0.026827,1.988358,0.882108,0.1044,0.013492,-1.014949
hurs,Subtropical Andes,2029,1.753946,0.222405,0.029898,2.006249,0.874241,0.110856,0.014902,-1.051533
hurs,Subtropical Andes,2030,1.753946,0.238139,0.033247,2.025331,0.866004,0.11758,0.016415,-1.087755
hurs,Subtropical Andes,2031,1.753946,0.254847,0.036892,2.045684,0.857388,0.124578,0.018034,-1.123601
hurs,Subtropical Andes,2032,1.753946,0.272594,0.040852,2.067392,0.848386,0.131854,0.01976,-1.159057
hurs,Subtropical Andes,2033,1.753946,0.291448,0.045147,2.09054,0.838992,0.139413,0.021596,-1.194111
hurs,Subtropical Andes,2034,1.753946,0.311476,0.049797,2.115219,0.829203,0.147255,0.023542,-1.228751
hurs,Subtropical Andes,2035,1.753946,0.33275,0.054823,2.141519,0.81902,0.15538,0.0256,-1.262965
hurs,Subtropical Andes,2036,1.753946,0.355341,0.060247,2.169534,0.808444,0.163787,0.02777,-1.296744
hurs,Subtropical Andes,2037,1.753946,0.379323,0.066091,2.19936,0.79748,0.17247,0.03005,-1.330078
hurs,Subtropical Andes,2038,1.753946,0.40477,0.072378,2.231093,0.786137,0.181422,0.03244,-1.362957
hurs,Subtropical Andes,2039,1.753946,0.431755,0.079131,2.264832,0.774426,0.190634,0.034939,-1.395374
hurs,Subtropical Andes,2040,1.753946,0.460353,0.086376,2.300674,0.762362,0.200095,0.037544,-1.42732
hurs,Subtropical Andes,2041,1.753946,0.490637,0.094137,2.338719,0.74996,0.209789,0.040251,-1.458791
hurs,Subtropical Andes,2042,1.753946,0.52268,0.102439,2.379065,0.737241,0.2197,0.043059,-1.489778
hurs,Subtropical Andes,2043,1.753946,0.556554,0.11131,2.42181,0.724229,0.229809,0.045962,-1.520278
hurs,Subtropical Andes,2044,1.753946,0.592327,0.120777,2.467049,0.710949,0.240095,0.048956,-1.550285
hurs,Subtropical Andes,2045,1.753946,0.630068,0.130865,2.514879,0.697427,0.250536,0.052036,-1.579797
hurs,Subtropical Andes,2046,1.753946,0.669842,0.141605,2.565393,0.683695,0.261107,0.055198,-1.608809
hurs,Subtropical Andes,2047,1.753946,0.711709,0.153025,2.61868,0.669782,0.271782,0.058436,-1.63732
hurs,Subtropical Andes,2048,1.753946,0.755729,0.165154,2.674829,0.655723,0.282534,0.061744,-1.665328
hurs,Subtropical Andes,2049,1.753946,0.801957,0.178022,2.733924,0.641549,0.293335,0.065116,-1.692833
hurs,Subtropical Andes,2050,1.753946,0.850442,0.191659,2.796046,0.627295,0.304159,0.068546,-1.719834
hurs,Subtropical Andes,2051,1.753946,0.90123,0.206097,2.861272,0.612995,0.314975,0.07203,-1.746333
hurs,Subtropical Andes,2052,1.753946,0.954361,0.221367,2.929674,0.598683,0.325757,0.07556,-1.772329
hurs,Subtropical Andes,2053,1.753946,1.009873,0.237501,3.001319,0.584392,0.336476,0.079132,-1.797827
hurs,Subtropical Andes,2054,1.753946,1.067793,0.254531,3.07627,0.570153,0.347106,0.08274,-1.822829
hurs,Subtropical Andes,2055,1.753946,1.128147,0.272491,3.154583,0.555999,0.357622,0.086379,-1.847338
hurs,Subtropical Andes,2056,1.753946,1.190951,0.291413,3.23631,0.541959,0.367997,0.090045,-1.871358
hurs,Subtropical Andes,2057,1.753946,1.256218,0.311331,3.321495,0.528059,0.378209,0.093732,-1.894896
hurs,Subtropical Andes,2058,1.753946,1.323951,0.33228,3.410177,0.514327,0.388235,0.097438,-1.917957
hurs,Subtropical Andes,2059,1.753946,1.39415,0.354294,3.50239,0.500785,0.398057,0.101158,-1.940547
hurs,Subtropical Andes,2060,1.753946,1.466806,0.377407,3.598159,0.487456,0.407655,0.104889,-1.962674
hurs,Subtropical Andes,2061,1.753946,1.541904,0.401655,3.697504,0.474359,0.417012,0.108629,-1.984347
hurs,Subtropical Andes,2062,1.753946,1.619422,0.427072,3.80044,0.461511,0.426114,0.112374,-2.005573
hurs,Subtropical Andes,2063,1.753946,1.699332,0.453695,3.906972,0.448927,0.434948,0.116124,-2.026363
hurs,Subtropical Andes,2064,1.753946,1.781599,0.481558,4.017103,0.43662,0.443503,0.119877,-2.046727
hurs,Subtropical Andes,2065,1.753946,1.866182,0.510699,4.130827,0.424599,0.45177,0.123631,-2.066676
hurs,Subtropical Andes,2066,1.753946,1.953036,0.541153,4.248134,0.412874,0.45974,0.127386,-2.086222
hurs,Subtropical Andes,2067,1.753946,2.042108,0.572956,4.369009,0.401452,0.467408,0.131141,-2.105377
hurs,Subtropical Andes,2068,1.753946,2.133343,0.606144,4.493432,0.390335,0.474769,0.134896,-2.124156
hurs,Subtropical Andes,2069,1.753946,2.226679,0.640754,4.621379,0.379529,0.481821,0.13865,-2.142571
hurs,Subtropical Andes,2070,1.753946,2.322053,0.676822,4.752821,0.369033,0.488563,0.142404,-2.160638
hurs,Subtropical Andes,2071,1.753946,2.419399,0.714385,4.88773,0.358847,0.494994,0.146159,-2.178372
hurs,Subtropical Andes,2072,1.753946,2.518648,0.75348,5.026073,0.348969,0.501116,0.149914,-2.19579
hurs,Subtropical Andes,2073,1.753946,2.619731,0.794141,5.167818,0.339398,0.506932,0.15367,-2.212909
hurs,Subtropical Andes,2074,1.753946,2.722582,0.836406,5.312934,0.330127,0.512444,0.157428,-2.229745
hurs,Subtropical Andes,2075,1.753946,2.827134,0.880312,5.461391,0.321154,0.517658,0.161188,-2.246319
hurs,Subtropical Andes,2076,1.753946,2.933324,0.925893,5.613163,0.31247,0.52258,0.16495,-2.262649
hurs,Subtropical Andes,2077,1.753946,3.041096,0.973186,5.768228,0.30407,0.527215,0.168715,-2.278755
hurs,Subtropical Andes,2078,1.753946,3.1504,1.022226,5.926572,0.295946,0.531572,0.172482,-2.294658
hurs,Subtropical Andes,2079,1.753946,3.261193,1.07305,6.088188,0.28809,0.535659,0.176251,-2.31038
hurs,Subtropical Andes,2080,1.753946,3.373446,1.125691,6.253083,0.280493,0.539485,0.180022,-2.325942
hurs,Subtropical Andes,2081,1.753946,3.487141,1.180187,6.421273,0.273146,0.543061,0.183793,-2.341368
hurs,Subtropical Andes,2082,1.753946,3.602277,1.23657,6.592792,0.26604,0.546396,0.187564,-2.356681
hurs,Subtropical Andes,2083,1.753946,3.718871,1.294875,6.767691,0.259165,0.549504,0.191332,-2.371906
hurs,Subtropical Andes,2084,1.753946,3.83696,1.355137,6.946043,0.25251,0.552395,0.195095,-2.387069
hurs,Subtropical Andes,2085,1.753946,3.956608,1.41739,7.127944,0.246066,0.555084,0.19885,-2.402194
hurs,Subtropical Andes,2086,1.753946,4.077904,1.481666,7.313516,0.239822,0.557585,0.202593,-2.417308
hurs,Subtropical Andes,2087,1.753946,4.200971,1.547999,7.502915,0.233769,0.559912,0.20632,-2.43244
hurs,Subtropical Andes,2088,1.753946,4.325962,1.616421,7.696329,0.227894,0.562081,0.210025,-2.447617
hurs,Subtropical Andes,2089,1.753946,4.453074,1.686965,7.893985,0.222188,0.56411,0.213703,-2.462868
hurs,Subtropical Andes,2090,1.753946,4.582545,1.759662,8.096152,0.216639,0.566015,0.217345,-2.478223
hurs,Subtropical Andes,2091,1.753946,4.714659,1.834543,8.303147,0.211239,0.567816,0.220946,-2.493713
hurs,Subtropical Andes,2092,1.753946,4.849753,1.91164,8.515339,0.205975,0.569531,0.224494,-2.509367
hurs,Subtropical Andes,2093,1.753946,4.988223,1.990983,8.733152,0.200838,0.571182,0.22798,-2.525219
hurs,Subtropical Andes,2094,1.753946,5.130526,2.072602,8.957073,0.195817,0.57279,0.231393,-2.541301
hurs,Subtropical Andes,2095,1.753946,5.277186,2.156526,9.187657,0.190902,0.574378,0.23472,-2.557645
hurs,Subtropical Andes,2096,1.753946,5.428803,2.242784,9.425533,0.186084,0.575968,0.237948,-2.574288
hurs,Subtropical Andes,2097,1.753946,5.586056,2.331406,9.671407,0.181354,0.577585,0.241062,-2.591262
hurs,Subtropical Andes,2098,1.753946,5.74971,2.422419,9.926074,0.176701,0.579253,0.244046,-2.608604
hurs,Subtropical Andes,2099,1.753946,5.920625,2.51585,10.190421,0.172117,0.580999,0.246884,-2.62635
hurs,Subtropical Andes,2100,1.753946,6.099761,2.611728,10.465434,0.167594,0.582848,0.249558,-2.644537
tas,Central Amazonia,1950,0.21606,0.177733,0.004144,0.397938,0.542951,0.446635,0.010415,-0.771744
tas,Central Amazonia,1951,0.21606,0.170401,0.002846,0.389308,0.554986,0.437703,0.00731,-0.78578
tas,Central Amazonia,1952,0.21606,0.163525,0.001859,0.381444,0.566427,0.4287,0.004873,-0.798413
tas,Central Amazonia,1953,0.21606,0.157056,0.001132,0.374248,0.577319,0.419656,0.003025,-0.809669
tas,Central Amazonia,1954,0.21606,0.150947,0.000621,0.367629,0.587714,0.410597,0.001689,-0.819571
tas,Central Amazonia,1955,0.21606,0.14516,0.000286,0.361507,0.597667,0.401542,0.000791,-0.828143
tas,Central Amazonia,1956,0.21606,0.139658,9.2e-05,0.35581,0.607235,0.392506,0.000259,-0.835408
tas,Central Amazonia,1957,0.21606,0.134408,9e-06,0.350478,0.616474,0.3835,2.6e-05,-0.84139
tas,Central Amazonia,1958,0.21606,0.129382,1e-05,0.345453,0.625442,0.37453,2.8e-05,-0.846112
tas,Central Amazonia,1959,0.21606,0.124555,7.2e-05,0.340687,0.63419,0.365598,0.000212,-0.849596
tas,Central Amazonia,1960,0.21606,0.119902,0.000177,0.336139,0.642771,0.356704,0.000525,-0.851865
tas,Central Amazonia,1961,0.21606,0.115406,0.000307,0.331773,0.65123,0.347845,0.000925,-0.852942
tas,Central Amazonia,1962,0.21606,0.111047,0.00045,0.327557,0.659611,0.339016,0.001373,-0.852849
tas,Central Amazonia,1963,0.21606,0.106812,0.000594,0.323466,0.667954,0.33021,0.001836,-0.851608
tas,Central Amazonia,1964,0.21606,0.102687,0.000731,0.319479,0.676291,0.32142,0.002289,-0.849241
tas,Central Amazonia,1965,0.21606,0.098662,0.000855,0.315577,0.684652,0.312639,0.002709,-0.845769
tas,Central Amazonia,1966,0.21606,0.094727,0.00096,0.311747,0.693064,0.303857,0.003079,-0.841214
tas,Central Amazonia,1967,0.21606,0.090875,0.001043,0.307978,0.701545,0.295068,0.003387,-0.835597
tas,Central Amazonia,1968,0.21606,0.087099,0.001103,0.304262,0.710112,0.286264,0.003624,-0.828938
tas,Central Amazonia,1969,0.21606,0.083396,0.001138,0.300595,0.718777,0.277438,0.003785,-0.82126
tas,Central Amazonia,1970,0.21606,0.079762,0.001149,0.296971,0.727547,0.268585,0.003868,-0.812581
tas,Central Amazonia,1971,0.21606,0.076194,0.001137,0.293391,0.736426,0.2597,0.003874,-0.802924
tas,Central Amazonia,1972,0.21606,0.07269,0.001103,0.289854,0.745411,0.250783,0.003806,-0.792307
tas,Central Amazonia,1973,0.21606,0.069251,0.001051,0.286363,0.7545,0.24183,0.00367,-0.78075
tas,Central Amazonia,1974,0.21606,0.065876,0.000982,0.282919,0.763683,0.232845,0.003472,-0.768274
tas,Central Amazonia,1975,0.21606,0.062566,0.000901,0.279528,0.772949,0.223829,0.003222,-0.754898
tas,Central Amazonia,1976,0.21606,0.059323,0.000809,0.276192,0.782282,0.214789,0.002929,-0.740641
tas,Central Amazonia,1977,0.21606,0.056148,0.000711,0.272919,0.791665,0.205731,0.002604,-0.725522
tas,Central Amazonia,1978,0.21606,0.053044,0.000609,0.269713,0.801075,0.196667,0.002258,-0.70956
tas,Central Amazonia,1979,0.21606,0.050013,0.000507,0.26658,0.810489,0.187608,0.001902,-0.692775
tas,Central Amazonia,1980,0.21606,0.047058,0.000408,0.263527,0.81988,0.17857,0.001549,-0.675183
tas,Central Amazonia,1981,0.21606,0.044183,0.000315,0.260559,0.829219,0.169571,0.00121,-0.656804
tas,Central Amazonia,1982,0.21606,0.041392,0.000231,0.257683,0.838475,0.16063,0.000895,-0.637655
tas,Central Amazonia,1983,0.21606,0.038687,0.000157,0.254904,0.847615,0.15177,0.000615,-0.617755
tas,Central Amazonia,1984,0.21606,0.036073,9.6e-05,0.252229,0.856605,0.143015,0.00038,-0.59712
tas,Central Amazonia,1985,0.21606,0.033553,4.9e-05,0.249663,0.86541,0.134394,0.000196,-0.575769
tas,Central Amazonia,1986,0.21606,0.031132,1.8e-05,0.247211,0.873994,0.125934,7.2e-05,-0.553719
tas,Central Amazonia,1987,0.21606,0.028814,3e-06,0.244878,0.88232,0.117667,1.3e-05,-0.530986
tas,Central Amazonia,1988,0.21606,0.026603,6e-06,0.242669,0.890352,0.109626,2.3e-05,-0.507587
tas,Central Amazonia,1989,0.21606,0.024502,2.5e-05,0.240588,0.898053,0.101844,0.000103,-0.483539
tas,Central Amazonia,1990,0.21606,0.022517,6.1e-05,0.238638,0.905389,0.094357,0.000254,-0.458858
tas,Central Amazonia,1991,0.21606,0.020651,0.000112,0.236824,0.912325,0.087201,0.000474,-0.433561
tas,Central Amazonia,1992,0.21606,0.018909,0.000179,0.235148,0.918827,0.080412,0.000761,-0.407663
tas,Central Amazonia,1993,0.21606,0.017294,0.000259,0.233613,0.924865,0.074027,0.001108,-0.38118
tas,Central Amazonia,1994,0.21606,0.01581,0.00035,0.232221,0.930408,0.068083,0.001509,-0.354127
tas,Central Amazonia,1995,0.21606,0.014463,0.000452,0.230975,0.935428,0.062616,0.001956,-0.32652
tas,Central Amazonia,1996,0.21606,0.013255,0.00056,0.229876,0.939902,0.05766,0.002438,-0.298374
tas,Central Amazonia,1997,0.21606,0.01219,0.000674,0.228925,0.943805,0.053251,0.002944,-0.269704
tas,Central Amazonia,1998,0.21606,0.011274,0.00079,0.228124,0.947117,0.04942,0.003462,-0.240524
tas,Central Amazonia,1999,0.21606,0.010509,0.000905,0.227475,0.949821,0.046199,0.00398,-0.21085
tas,Central Amazonia,2000,0.21606,0.0099,0.001018,0.226978,0.951899,0.043617,0.004484,-0.180694
tas,Central Amazonia,2001,0.21606,0.009451,0.001124,0.226635,0.95334,0.0417,0.00496,-0.150071
tas,Central Amazonia,2002,0.21606,0.009165,0.001222,0.226447,0.954133,0.040472,0.005396,-0.118996
tas,Central Amazonia,2003,0.21606,0.009046,0.001308,0.226415,0.954267,0.039954,0.005778,-0.087481
tas,Central Amazonia,2004,0.21606,0.009099,0.001381,0.226541,0.953737,0.040166,0.006097,-0.05554
tas,Central Amazonia,2005,0.21606,0.009328,0.001438,0.226826,0.952537,0.041123,0.00634,-0.023186
tas,Central Amazonia,2006,0.21606,0.009736,0.001477,0.227273,0.950663,0.042836,0.0065,0.009567
tas,Central Amazonia,2007,0.21606,0.010327,0.001497,0.227885,0.948113,0.045316,0.006571,0.042708
tas,Central Amazonia,2008,0.21606,0.011105,0.001497,0.228663,0.944885,0.048566,0.006549,0.076222
tas,Central Amazonia,2009,0.21606,0.012075,0.001477,0.229613,0.940978,0.05259,0.006431,0.110099
tas,Central Amazonia,2010,0.21606,0.013241,0.001435,0.230737,0.936393,0.057386,0.006221,0.144326
tas,Central Amazonia,2011,0.21606,0.014606,0.001374,0.232041,0.93113,0.062947,0.005923,0.178891
tas,Central Amazonia,2012,0.21606,0.016176,0.001295,0.233531,0.92519,0.069265,0.005545,0.213782
tas,Central Amazonia,2013,0.21606,0.017953,0.0012,0.235213,0.918574,0.076326,0.0051,0.248988
tas,Central Amazonia,2014,0.21606,0.019943,0.001092,0.237095,0.911283,0.084112,0.004605,0.284498
tas,Central Amazonia,2015,0.21606,0.022149,0.000975,0.239185,0.903321,0.092601,0.004078,0.3203
tas,Central Amazonia,2016,0.21606,0.024576,0.000856,0.241492,0.894689,0.101768,0.003543,0.356383
tas,Central Amazonia,2017,0.21606,0.027229,0.000739,0.244029,0.88539,0.111581,0.003029,0.392737
tas,Central Amazonia,2018,0.21606,0.030112,0.000633,0.246806,0.875428,0.122006,0.002566,0.429351
tas,Central Amazonia,2019,0.21606,0.033229,0.000547,0.249837,0.864807,0.133002,0.00219,0.466216
tas,Central Amazonia,2020,0.21606,0.036585,0.000491,0.253136,0.853535,0.144527,0.001939,0.503321
tas,Central Amazonia,2021,0.21606,0.040184,0.000476,0.25672,0.841618,0.15653,0.001853,0.540655
tas,Central Amazonia,2022,0.21606,0.044032,0.000515,0.260607,0.829066,0.168959,0.001976,0.578211
tas,Central Amazonia,2023,0.21606,0.048132,0.000623,0.264816,0.81589,0.181757,0.002353,0.615977
tas,Central Amazonia,2024,0.21606,0.052489,0.000817,0.269366,0.802106,0.194862,0.003032,0.653946
tas,Central Amazonia,2025,0.21606,0.057108,0.001113,0.274282,0.787731,0.20821,0.004059,0.692107
tas,Central Amazonia,2026,0.21606,0.061993,0.001533,0.279587,0.772785,0.221732,0.005483,0.730453
tas,Central Amazonia,2027,0.21606,0.067149,0.002097,0.285307,0.757291,0.235359,0.00735,0.768974
tas,Central Amazonia,2028,0.21606,0.072581,0.002829,0.29147,0.741279,0.249016,0.009705,0.807663
tas,Central Amazonia,2029,0.21606,0.078291,0.003754,0.298105,0.724779,0.262629,0.012592,0.84651
tas,Central Amazonia,2030,0.21606,0.084286,0.004899,0.305245,0.707826,0.276125,0.016049,0.885509
tas,Central Amazonia,2031,0.21606,0.090568,0.006294,0.312923,0.69046,0.289427,0.020114,0.924651
tas,Central Amazonia,2032,0.21606,0.097143,0.00797,0.321173,0.672722,0.302462,0.024816,0.963929
tas,Central Amazonia,2033,0.21606,0.104013,0.009961,0.330035,0.654659,0.315158,0.030183,1.003336
tas,Central Amazonia,2034,0.21606,0.111183,0.012303,0.339547,0.63632,0.327445,0.036234,1.042864
tas,Central Amazonia,2035,0.21606,0.118656,0.015034,0.34975,0.617756,0.33926,0.042984,1.082507
tas,Central Amazonia,2036,0.21606,0.126436,0.018193,0.360689,0.599021,0.350539,0.05044,1.122258
tas,Central Amazonia,2037,0.21606,0.134525,0.021824,0.37241,0.580169,0.361228,0.058603,1.16211
tas,Central Amazonia,2038,0.21606,0.142926,0.025972,0.384959,0.561256,0.371277,0.067467,1.202058
tas,Central Amazonia,2039,0.21606,0.151643,0.030684,0.398387,0.542338,0.380642,0.077021,1.242094
tas,Central Amazonia,2040,0.21606,0.160676,0.03601,0.412747,0.52347,0.389285,0.087245,1.282214
tas,Central Amazonia,2041,0.21606,0.170029,0.042002,0.428091,0.504707,0.397179,0.098115,1.322412
tas,Central Amazonia,2042,0.21606,0.179702,0.048715,0.444477,0.4861,0.404299,0.109601,1.362682
tas,Central Amazonia,2043,0.21606,0.189696,0.056206,0.461963,0.467701,0.410631,0.121668,1.403019
tas,Central Amazonia,2044,0.21606,0.200013,0.064535,0.480609,0.449556,0.416166,0.134278,1.443418
tas,Central Amazonia,2045,0.21606,0.210653,0.073765,0.500478,0.431708,0.420903,0.147388,1.483874
tas,Central Amazonia,2046,0.21606,0.221615,0.083959,0.521634,0.414199,0.424847,0.160954,1.524383
tas,Central Amazonia,2047,0.21606,0.232898,0.095185,0.544144,0.397065,0.428009,0.174927,1.56494
tas,Central Amazonia,2048,0.21606,0.244503,0.107514,0.568077,0.380337,0.430404,0.189259,1.605542
tas,Central Amazonia,2049,0.21606,0.256426,0.121017,0.593504,0.364042,0.432055,0.203903,1.646183
tas,Central Amazonia,2050,0.21606,0.268666,0.13577,0.620496,0.348206,0.432986,0.218808,1.686861
tas,Central Amazonia,2051,0.21606,0.28122,0.151849,0.649129,0.332847,0.433226,0.233927,1.727572
tas,Central Amazonia,2052,0.21606,0.294084,0.169335,0.67948,0.317979,0.432808,0.249213,1.768313
tas,Central Amazonia,2053,0.21606,0.307255,0.188311,0.711626,0.303615,0.431765,0.26462,1.80908
tas,Central Amazonia,2054,0.21606,0.320728,0.20886,0.745648,0.289762,0.430133,0.280105,1.849871
tas,Central Amazonia,2055,0.21606,0.334497,0.231071,0.781629,0.276423,0.427949,0.295628,1.890683
tas,Central Amazonia,2056,0.21606,0.348557,0.255034,0.819652,0.2636,0.425251,0.311149,1.931513
tas,Central Amazonia,2057,0.21606,0.362902,0.280839,0.859802,0.251291,0.422076,0.326633,1.97236
tas,Central Amazonia,2058,0.21606,0.377524,0.308583,0.902168,0.23949,0.418464,0.342046,2.01322
tas,Central Amazonia,2059,0.21606,0.392416,0.338362,0.946839,0.228191,0.414449,0.35736,2.054093
tas,Central Amazonia,2060,0.21606,0.407569,0.370274,0.993904,0.217386,0.410069,0.372545,2.094977
tas,Central Amazonia,2061,0.21606,0.422975,0.404422,1.043458,0.207062,0.405359,0.387579,2.13587
tas,Central Amazonia,2062,0.21606,0.438623,0.440909,1.095592,0.197209,0.400352,0.402439,2.17677
tas,Central Amazonia,2063,0.21606,0.454504,0.47984,1.150404,0.187813,0.395082,0.417105,2.217678
tas,Central Amazonia,2064,0.21606,0.470607,0.521323,1.20799,0.178859,0.389578,0.431562,2.258592
tas,Central Amazonia,2065,0.21606,0.48692,0.565468,1.268448,0.170334,0.383871,0.445795,2.299512
tas,Central Amazonia,2066,0.21606,0.503432,0.612386,1.331879,0.162222,0.377986,0.459791,2.340437
tas,Central Amazonia,2067,0.21606,0.520131,0.662192,1.398384,0.154507,0.371952,0.473541,2.381367
tas,Central Amazonia,2068,0.21606,0.537004,0.715,1.468064,0.147174,0.365791,0.487036,2.422303
tas,Central Amazonia,2069,0.21606,0.554038,0.770927,1.541026,0.140206,0.359526,0.500269,2.463243
tas,Central Amazonia,2070,0.21606,0.57122,0.830092,1.617373,0.133587,0.353178,0.513235,2.50419
tas,Central Amazonia,2071,0.21606,0.588536,0.892616,1.697213,0.127303,0.346766,0.525931,2.545143
tas,Central Amazonia,2072,0.21606,0.605973,0.95862,1.780653,0.121338,0.340309,0.538353,2.586103
tas,Central Amazonia,2073,0.21606,0.623516,1.028227,1.867803,0.115676,0.333823,0.550501,2.627073
tas,Central Amazonia,2074,0.21606,0.641151,1.101562,1.958774,0.110304,0.327323,0.562373,2.668052
tas,Central Amazonia,2075,0.21606,0.658866,1.17875,2.053677,0.105207,0.320823,0.573971,2.709042
tas,Central Amazonia,2076,0.21606,0.676646,1.259919,2.152626,0.100371,0.314335,0.585294,2.750045
tas,Central Amazonia,2077,0.21606,0.694479,1.345195,2.255735,0.095783,0.307873,0.596345,2.791064
tas,Central Amazonia,2078,0.21606,0.712351,1.434709,2.36312,0.09143,0.301445,0.607125,2.832099
tas,Central Amazonia,2079,0.21606,0.73025,1.528588,2.474898,0.087301,0.295062,0.617637,2.873154
tas,Central Amazonia,2080,0.21606,0.748164,1.626964,2.591189,0.083383,0.288734,0.627883,2.914232
tas,Central Amazonia,2081,0.21606,0.766084,1.729967,2.712111,0.079665,0.282468,0.637867,2.955334
tas,Central Amazonia,2082,0.21606,0.783998,1.837729,2.837788,0.076137,0.276271,0.647592,2.996464
tas,Central Amazonia,2083,0.21606,0.8019,1.950381,2.968341,0.072788,0.270151,0.657061,3.037625
tas,Central Amazonia,2084,0.21606,0.819781,2.068055,3.103896,0.069609,0.264114,0.666277,3.078821
tas,Central Amazonia,2085,0.21606,0.837637,2.190882,3.24458,0.066591,0.258165,0.675244,3.120054
tas,Central Amazonia,2086,0.21606,0.855463,2.318996,3.39052,0.063725,0.25231,0.683965,3.16133
tas,Central Amazonia,2087,0.21606,0.873259,2.452528,3.541848,0.061002,0.246555,0.692443,3.202652
tas,Central Amazonia,2088,0.21606,0.891024,2.59161,3.698695,0.058415,0.240902,0.700682,3.244024
tas,Central Amazonia,2089,0.21606,0.908763,2.736373,3.861196,0.055957,0.235358,0.708685,3.28545
tas,Central Amazonia,2090,0.21606,0.926481,2.886947,4.029489,0.05362,0.229925,0.716455,3.326936
tas,Central Amazonia,2091,0.21606,0.944188,3.043463,4.203712,0.051398,0.224608,0.723994,3.368486
tas,Central Amazonia,2092,0.21606,0.961896,3.206051,4.384007,0.049284,0.21941,0.731306,3.410106
tas,Central Amazonia,2093,0.21606,0.979622,3.374838,4.570521,0.047273,0.214335,0.738393,3.4518
tas,Central Amazonia,2094,0.21606,0.997386,3.549953,4.7634,0.045358,0.209385,0.745256,3.493574
tas,Central Amazonia,2095,0.21606,1.015213,3.731522,4.962796,0.043536,0.204565,0.751899,3.535435
tas,Central Amazonia,2096,0.21606,1.033133,3.91967,5.168863,0.0418,0.199876,0.758323,3.577387
tas,Central Amazonia,2097,0.21606,1.05118,4.114521,5.381762,0.040147,0.195323,0.76453,3.619437
tas,Central Amazonia,2098,0.21606,1.069397,4.316197,5.601654,0.038571,0.190907,0.770522,3.661591
tas,Central Amazonia,2099,0.21606,1.087828,4.524818,5.828706,0.037068,0.186633,0.776299,3.703856
tas,Central Amazonia,2100,0.21606,1.106527,4.740503,6.063091,0.035635,0.182502,0.781862,3.746239
tas,Northern Tropics,1950,0.156663,0.143535,0.00378,0.303977,0.515377,0.472189,0.012434,-0.665032
tas,Northern Tropics,1951,0.156663,0.137987,0.002588,0.297238,0.527063,0.464232,0.008706,-0.681897
tas,Northern Tropics,1952,0.156663,0.132847,0.001683,0.291193,0.538004,0.456217,0.005779,-0.697266
tas,Northern Tropics,1953,0.156663,0.128061,0.001018,0.285742,0.548267,0.448169,0.003564,-0.711169
tas,Northern Tropics,1954,0.156663,0.123578,0.000553,0.280794,0.557928,0.440103,0.001969,-0.723632
tas,Northern Tropics,1955,0.156663,0.119356,0.00025,0.276269,0.567066,0.432029,0.000905,-0.734682
tas,Northern Tropics,1956,0.156663,0.115356,7.7e-05,0.272096,0.575763,0.423954,0.000283,-0.744345
tas,Northern Tropics,1957,0.156663,0.111543,6e-06,0.268212,0.584102,0.415877,2.1e-05,-0.752647
tas,Northern Tropics,1958,0.156663,0.107887,1.2e-05,0.264561,0.592161,0.407795,4.5e-05,-0.759615
tas,Northern Tropics,1959,0.156663,0.104361,7.4e-05,0.261098,0.600016,0.3997,0.000285,-0.765274
tas,Northern Tropics,1960,0.156663,0.100942,0.000175,0.25778,0.607738,0.391582,0.00068,-0.769649
tas,Northern Tropics,1961,0.156663,0.097611,0.0003,0.254573,0.615394,0.383429,0.001177,-0.772767
tas,Northern Tropics,1962,0.156663,0.094351,0.000435,0.251448,0.623042,0.375228,0.00173,-0.774651
tas,Northern Tropics,1963,0.156663,0.091147,0.000571,0.248381,0.630735,0.366965,0.0023,-0.775327
tas,Northern Tropics,1964,0.156663,0.087989,0.0007,0.245352,0.638522,0.358624,0.002854,-0.774818
tas,Northern Tropics,1965,0.156663,0.084868,0.000816,0.242347,0.646441,0.350192,0.003367,-0.773151
tas,Northern Tropics,1966,0.156663,0.081775,0.000914,0.239352,0.654528,0.341653,0.003819,-0.770347
tas,Northern Tropics,1967,0.156663,0.078707,0.000991,0.236361,0.662811,0.332994,0.004194,-0.766432
tas,Northern Tropics,1968,0.156663,0.075659,0.001046,0.233368,0.671313,0.324204,0.004483,-0.761428
tas,Northern Tropics,1969,0.156663,0.072629,0.001078,0.23037,0.68005,0.315272,0.004678,-0.75536
tas,Northern Tropics,1970,0.156663,0.069617,0.001086,0.227366,0.689033,0.306189,0.004778,-0.748249
tas,Northern Tropics,1971,0.156663,0.066623,0.001073,0.224359,0.698268,0.296948,0.004783,-0.740119
tas,Northern Tropics,1972,0.156663,0.063649,0.00104,0.221352,0.707756,0.287546,0.004698,-0.730992
tas,Northern Tropics,1973,0.156663,0.060697,0.000989,0.218348,0.717491,0.277981,0.004528,-0.720891
tas,Northern Tropics,1974,0.156663,0.05777,0.000922,0.215355,0.727463,0.268255,0.004282,-0.709837
tas,Northern Tropics,1975,0.156663,0.054873,0.000843,0.212379,0.737657,0.258373,0.00397,-0.697852
tas,Northern Tropics,1976,0.156663,0.05201,0.000755,0.209427,0.748054,0.248343,0.003604,-0.684959
tas,Northern Tropics,1977,0.156663,0.049185,0.00066,0.206508,0.758627,0.238176,0.003197,-0.671177
tas,Northern Tropics,1978,0.156663,0.046405,0.000563,0.203631,0.769348,0.227888,0.002763,-0.656529
tas,Northern Tropics,1979,0.156663,0.043675,0.000465,0.200803,0.780182,0.217501,0.002317,-0.641035
tas,Northern Tropics,1980,0.156663,0.041,0.000371,0.198034,0.791091,0.207036,0.001873,-0.624715
tas,Northern Tropics,1981,0.156663,0.038388,0.000283,0.195333,0.80203,0.196524,0.001446,-0.60759
tas,Northern Tropics,1982,0.156663,0.035843,0.000203,0.192708,0.812953,0.185995,0.001051,-0.58968
tas,Northern Tropics,1983,0.156663,0.033372,0.000134,0.190169,0.82381,0.175488,0.000702,-0.571005
tas,Northern Tropics,1984,0.156663,0.030982,7.7e-05,0.187722,0.834547,0.165041,0.000412,-0.551584
tas,Northern Tropics,1985,0.156663,0.028678,3.6e-05,0.185377,0.845106,0.154702,0.000192,-0.531436
tas,Northern Tropics,1986,0.156663,0.026467,1e-05,0.183139,0.85543,0.144516,5.4e-05,-0.510582
tas,Northern Tropics,1987,0.156663,0.024353,1e-06,0.181017,0.865459,0.134537,5e-06,-0.489039
tas,Northern Tropics,1988,0.156663,0.022344,9e-06,0.179017,0.875131,0.124817,5.2e-05,-0.466826
tas,Northern Tropics,1989,0.156663,0.020445,3.6e-05,0.177143,0.884385,0.115414,0.000201,-0.443961
tas,Northern Tropics,1990,0.156663,0.01866,7.9e-05,0.175402,0.893163,0.106385,0.000453,-0.420463
tas,Northern Tropics,1991,0.156663,0.016995,0.00014,0.173799,0.901404,0.097788,0.000808,-0.396349
tas,Northern Tropics,1992,0.156663,0.015456,0.000218,0.172336,0.909053,0.089684,0.001263,-0.371637
tas,Northern Tropics,1993,0.156663,0.014046,0.00031,0.171018,0.916058,0.082129,0.001813,-0.346345
tas,Northern Tropics,1994,0.156663,0.012769,0.000416,0.169848,0.922369,0.07518,0.002451,-0.320489
tas,Northern Tropics,1995,0.156663,0.011631,0.000534,0.168828,0.927942,0.068893,0.003165,-0.294086
tas,Northern Tropics,1996,0.156663,0.010635,0.000663,0.16796,0.932738,0.063317,0.003946,-0.267153
tas,Northern Tropics,1997,0.156663,0.009784,0.000799,0.167246,0.936723,0.0585,0.004777,-0.239706
tas,Northern Tropics,1998,0.156663,0.009082,0.000941,0.166685,0.939871,0.054485,0.005644,-0.211761
tas,Northern Tropics,1999,0.156663,0.008532,0.001086,0.16628,0.94216,0.05131,0.006529,-0.183335
tas,Northern Tropics,2000,0.156663,0.008137,0.001231,0.166031,0.943577,0.049007,0.007417,-0.154442
tas,Northern Tropics,2001,0.156663,0.007899,0.001375,0.165937,0.944111,0.047601,0.008287,-0.125099
tas,Northern Tropics,2002,0.156663,0.007821,0.001515,0.165998,0.943762,0.047114,0.009124,-0.09532
tas,Northern Tropics,2003,0.156663,0.007905,0.001647,0.166215,0.942532,0.047558,0.00991,-0.06512
tas,Northern Tropics,2004,0.156663,0.008153,0.001771,0.166586,0.940432,0.04894,0.010628,-0.034513
tas,Northern Tropics,2005,0.156663,0.008566,0.001883,0.167112,0.937473,0.051261,0.011266,-0.003515
tas,Northern Tropics,2006,0.156663,0.009147,0.001982,0.167792,0.933675,0.054515,0.01181,0.02786
tas,Northern Tropics,2007,0.156663,0.009897,0.002066,0.168625,0.929058,0.058691,0.012251,0.0596
tas,Northern Tropics,2008,0.156663,0.010816,0.002134,0.169613,0.923648,0.06377,0.012582,0.09169
tas,Northern Tropics,2009,0.156663,0.011907,0.002186,0.170755,0.91747,0.06973,0.012799,0.124116
tas,Northern Tropics,2010,0.156663,0.013169,0.00222,0.172052,0.910554,0.076543,0.012903,0.156866
tas,Northern Tropics,2011,0.156663,0.014605,0.002238,0.173505,0.902927,0.084175,0.012897,0.189927
tas,Northern Tropics,2012,0.156663,0.016214,0.00224,0.175117,0.894621,0.09259,0.012789,0.223285
tas,Northern Tropics,2013,0.156663,0.017998,0.002227,0.176888,0.885663,0.101746,0.012591,0.25693
tas,Northern Tropics,2014,0.156663,0.019956,0.002203,0.178822,0.876084,0.111598,0.012318,0.290848
tas,Northern Tropics,2015,0.156663,0.02209,0.00217,0.180922,0.865911,0.122097,0.011992,0.325027
tas,Northern Tropics,2016,0.156663,0.0244,0.002132,0.183194,0.855172,0.133191,0.011636,0.359456
tas,Northern Tropics,2017,0.156663,0.026886,0.002094,0.185643,0.843893,0.144827,0.01128,0.394124
tas,Northern Tropics,2018,0.156663,0.029549,0.002063,0.188275,0.832097,0.156948,0.010955,0.429019
tas,Northern Tropics,2019,0.156663,0.03239,0.002044,0.191097,0.819809,0.169493,0.010698,0.464131
tas,Northern Tropics,2020,0.156663,0.035407,0.002048,0.194118,0.807049,0.182401,0.01055,0.499448
tas,Northern Tropics,2021,0.156663,0.038603,0.002082,0.197348,0.793839,0.195609,0.010551,0.53496
tas,Northern Tropics,2022,0.156663,0.041977,0.002158,0.200798,0.7802,0.209052,0.010749,0.570657
tas,Northern Tropics,2023,0.156663,0.04553,0.002288,0.204481,0.766149,0.222661,0.01119,0.60653
tas,Northern Tropics,2024,0.156663,0.049262,0.002485,0.208409,0.751707,0.236369,0.011923,0.642568
tas,Northern Tropics,2025,0.156663,0.053173,0.002764,0.212599,0.736893,0.250108,0.013,0.678761
tas,Northern Tropics,2026,0.156663,0.057264,0.003141,0.217067,0.721725,0.263806,0.014469,0.715102
tas,Northern Tropics,2027,0.156663,0.061535,0.003634,0.221832,0.706224,0.277394,0.016382,0.75158
tas,Northern Tropics,2028,0.156663,0.065986,0.004263,0.226912,0.690411,0.290802,0.018787,0.788188
tas,Northern Tropics,2029,0.156663,0.070619,0.005049,0.232331,0.674308,0.30396,0.021732,0.824916
tas,Northern Tropics,2030,0.156663,0.075434,0.006015,0.238111,0.65794,0.316801,0.02526,0.861756
tas,Northern Tropics,2031,0.156663,0.08043,0.007185,0.244278,0.641331,0.329258,0.029412,0.898701
tas,Northern Tropics,2032,0.156663,0.085609,0.008585,0.250858,0.624509,0.341267,0.034224,0.935743
tas,Northern Tropics,2033,0.156663,0.090972,0.010245,0.25788,0.607504,0.352767,0.039729,0.972874
tas,Northern Tropics,2034,0.156663,0.096517,0.012194,0.265374,0.590347,0.363702,0.045952,1.010086
tas,Northern Tropics,2035,0.156663,0.102247,0.014465,0.273374,0.573071,0.374017,0.052912,1.047374
tas,Northern Tropics,2036,0.156663,0.108161,0.01709,0.281914,0.555712,0.383665,0.060623,1.084731
tas,Northern Tropics,2037,0.156663,0.114259,0.020107,0.29103,0.538306,0.392604,0.06909,1.122149
tas,Northern Tropics,2038,0.156663,0.120543,0.023554,0.30076,0.52089,0.400796,0.078314,1.159622
tas,Northern Tropics,2039,0.156663,0.127013,0.027469,0.311145,0.503505,0.408211,0.088284,1.197145
tas,Northern Tropics,2040,0.156663,0.133668,0.031896,0.322227,0.486187,0.414826,0.098987,1.234712
tas,Northern Tropics,2041,0.156663,0.14051,0.036879,0.334051,0.468978,0.420623,0.110399,1.272318
tas,Northern Tropics,2042,0.156663,0.147537,0.042464,0.346664,0.451916,0.425592,0.122492,1.309956
tas,Northern Tropics,2043,0.156663,0.154751,0.048699,0.360113,0.435039,0.42973,0.135232,1.347622
tas,Northern Tropics,2044,0.156663,0.162151,0.055635,0.374449,0.418383,0.43304,0.148578,1.385312
tas,Northern Tropics,2045,0.156663,0.169737,0.063324,0.389724,0.401984,0.435531,0.162485,1.42302
tas,Northern Tropics,2046,0.156663,0.177509,0.071823,0.405994,0.385875,0.43722,0.176906,1.460743
tas,Northern Tropics,2047,0.156663,0.185466,0.081186,0.423315,0.370086,0.438127,0.191787,1.498477
tas,Northern Tropics,2048,0.156663,0.193607,0.091475,0.441745,0.354646,0.438278,0.207076,1.536217
tas,Northern Tropics,2049,0.156663,0.201933,0.102749,0.461345,0.339579,0.437705,0.222716,1.573961
tas,Northern Tropics,2050,0.156663,0.210442,0.115073,0.482177,0.324907,0.43644,0.238653,1.611704
tas,Northern Tropics,2051,0.156663,0.219132,0.128511,0.504307,0.31065,0.434522,0.254828,1.649444
tas,Northern Tropics,2052,0.156663,0.228004,0.143133,0.527799,0.296823,0.431989,0.271188,1.687178
tas,Northern Tropics,2053,0.156663,0.237054,0.159006,0.552724,0.283438,0.428884,0.287678,1.724904
tas,Northern Tropics,2054,0.156663,0.246283,0.176204,0.57915,0.270505,0.425249,0.304247,1.762619
tas,Northern Tropics,2055,0.156663,0.255687,0.194801,0.607151,0.25803,0.421127,0.320844,1.800321
tas,Northern Tropics,2056,0.156663,0.265266,0.214871,0.636799,0.246016,0.416561,0.337423,1.838009
tas,Northern Tropics,2057,0.156663,0.275015,0.236493,0.668172,0.234465,0.411594,0.353941,1.875681
tas,Northern Tropics,2058,0.156663,0.284935,0.259748,0.701345,0.223375,0.406269,0.370356,1.913335
tas,Northern Tropics,2059,0.156663,0.295021,0.284716,0.736399,0.212742,0.400626,0.386632,1.95097
tas,Northern Tropics,2060,0.156663,0.30527,0.311482,0.773415,0.20256,0.394705,0.402735,1.988586
tas,Northern Tropics,2061,0.156663,0.315681,0.340131,0.812475,0.192822,0.388543,0.418635,2.026183
tas,Northern Tropics,2062,0.156663,0.32625,0.37075,0.853663,0.183518,0.382177,0.434305,2.063759
tas,Northern Tropics,2063,0.156663,0.336974,0.403429,0.897066,0.174639,0.37564,0.449721,2.101315
tas,Northern Tropics,2064,0.156663,0.347849,0.438259,0.942771,0.166173,0.368964,0.464863,2.13885
tas,Northern Tropics,2065,0.156663,0.358872,0.475332,0.990867,0.158107,0.36218,0.479713,2.176366
tas,Northern Tropics,2066,0.156663,0.37004,0.514742,1.041444,0.150428,0.355314,0.494258,2.213863
tas,Northern Tropics,2067,0.156663,0.381348,0.556585,1.094596,0.143124,0.348392,0.508484,2.251342
tas,Northern Tropics,2068,0.156663,0.392795,0.600957,1.150415,0.136179,0.341438,0.522383,2.288804
tas,Northern Tropics,2069,0.156663,0.404376,0.647959,1.208998,0.129581,0.334472,0.535947,2.32625
tas,Northern Tropics,2070,0.156663,0.416088,0.697688,1.270439,0.123314,0.327515,0.549171,2.363683
tas,Northern Tropics,2071,0.156663,0.427929,0.750246,1.334838,0.117365,0.320585,0.562051,2.401103
tas,Northern Tropics,2072,0.156663,0.439894,0.805736,1.402293,0.111719,0.313696,0.574585,2.438514
tas,Northern Tropics,2073,0.156663,0.451982,0.864261,1.472906,0.106363,0.306864,0.586773,2.475917
tas,Northern Tropics,2074,0.156663,0.464191,0.925925,1.546779,0.101283,0.300102,0.598615,2.513315
tas,Northern Tropics,2075,0.156663,0.476519,0.990834,1.624015,0.096466,0.29342,0.610114,2.550712
tas,Northern Tropics,2076,0.156663,0.488964,1.059093,1.70472,0.091899,0.286829,0.621271,2.588109
tas,Northern Tropics,2077,0.156663,0.501526,1.130811,1.789,0.08757,0.280339,0.632091,2.625512
tas,Northern Tropics,2078,0.156663,0.514207,1.206093,1.876962,0.083466,0.273957,0.642577,2.662922
tas,Northern Tropics,2079,0.156663,0.527005,1.285049,1.968717,0.079576,0.26769,0.652734,2.700345
tas,Northern Tropics,2080,0.156663,0.539925,1.367787,2.064375,0.075889,0.261544,0.662567,2.737783
tas,Northern Tropics,2081,0.156663,0.552969,1.454417,2.164049,0.072393,0.255525,0.672081,2.775243
tas,Northern Tropics,2082,0.156663,0.566142,1.545047,2.267852,0.06908,0.249638,0.681282,2.812727
tas,Northern Tropics,2083,0.156663,0.579449,1.639788,2.3759,0.065938,0.243886,0.690176,2.850242
tas,Northern Tropics,2084,0.156663,0.592898,1.738749,2.48831,0.06296,0.238273,0.698767,2.887791
tas,Northern Tropics,2085,0.156663,0.606499,1.84204,2.605202,0.060135,0.232803,0.707062,2.925382
tas,Northern Tropics,2086,0.156663,0.620263,1.949771,2.726697,0.057455,0.227478,0.715067,2.963018
tas,Northern Tropics,2087,0.156663,0.634204,2.06205,2.852916,0.054913,0.2223,0.722787,3.000706
tas,Northern Tropics,2088,0.156663,0.648336,2.178987,2.983986,0.052501,0.217272,0.730227,3.038453
tas,Northern Tropics,2089,0.156663,0.662679,2.300691,3.120033,0.050212,0.212395,0.737393,3.076263
tas,Northern Tropics,2090,0.156663,0.677254,2.42727,3.261187,0.048039,0.207671,0.74429,3.114145
tas,Northern Tropics,2091,0.156663,0.692084,2.558832,3.407579,0.045975,0.203101,0.750924,3.152105
tas,Northern Tropics,2092,0.156663,0.707198,2.695483,3.559344,0.044015,0.198688,0.757298,3.190149
tas,Northern Tropics,2093,0.156663,0.722627,2.837329,3.716619,0.042152,0.194431,0.763417,3.228286
tas,Northern Tropics,2094,0.156663,0.738406,2.984475,3.879544,0.040382,0.190333,0.769285,3.266523
tas,Northern Tropics,2095,0.156663,0.754573,3.137026,4.048262,0.038699,0.186394,0.774907,3.304867
tas,Northern Tropics,2096,0.156663,0.771174,3.295084,4.222921,0.037098,0.182616,0.780286,3.343327
tas,Northern Tropics,2097,0.156663,0.788256,3.45875,4.403669,0.035576,0.179,0.785425,3.381911
tas,Northern Tropics,2098,0.156663,0.805874,3.628126,4.590662,0.034126,0.175546,0.790327,3.420627
tas,Northern Tropics,2099,0.156663,0.824087,3.803308,4.784058,0.032747,0.172257,0.794996,3.459485
tas,Northern Tropics,2100,0.156663,0.84296,3.984396,4.984018,0.031433,0.169133,0.799434,3.498493
tas,South America (continental),1950,0.084196,0.079211,0.003824,0.167231,0.503471,0.473664,0.022865,-0.620969
tas,South America (continental),1951,0.084196,0.076878,0.002629,0.163702,0.514323,0.469619,0.016057,-0.635428
tas,South America (continental),1952,0.084196,0.074657,0.001719,0.160572,0.52435,0.464946,0.010704,-0.648575
tas,South America (continental),1953,0.084196,0.072532,0.001048,0.157776,0.533643,0.459713,0.006644,-0.660431
tas,South America (continental),1954,0.084196,0.070485,0.000576,0.155257,0.542301,0.453988,0.00371,-0.671019
tas,South America (continental),1955,0.084196,0.068503,0.000266,0.152965,0.550427,0.447834,0.001738,-0.680361
tas,South America (continental),1956,0.084196,0.066574,8.6e-05,0.150855,0.558123,0.441307,0.00057,-0.688478
tas,South America (continental),1957,0.084196,0.064686,8e-06,0.148891,0.565489,0.434455,5.6e-05,-0.695392
tas,South America (continental),1958,0.084196,0.062832,9e-06,0.147037,0.572619,0.427322,6e-05,-0.701124
tas,South America (continental),1959,0.084196,0.061003,6.6e-05,0.145265,0.579601,0.419942,0.000457,-0.705696
tas,South America (continental),1960,0.084196,0.059193,0.000164,0.143552,0.586518,0.412343,0.001139,-0.709129
tas,South America (continental),1961,0.084196,0.057396,0.000285,0.141877,0.593443,0.404548,0.002009,-0.711443
tas,South America (continental),1962,0.084196,0.055609,0.000419,0.140224,0.600441,0.396573,0.002986,-0.712659
tas,South America (continental),1963,0.084196,0.053828,0.000554,0.138578,0.607571,0.38843,0.003999,-0.712797
tas,South America (continental),1964,0.084196,0.052051,0.000684,0.13693,0.614883,0.380125,0.004992,-0.711879
tas,South America (continental),1965,0.084196,0.050275,0.000801,0.135272,0.62242,0.371662,0.005919,-0.709923
tas,South America (continental),1966,0.084196,0.048502,0.000901,0.133598,0.630217,0.363041,0.006742,-0.70695
tas,South America (continental),1967,0.084196,0.046729,0.000981,0.131906,0.638304,0.354261,0.007435,-0.70298
tas,South America (continental),1968,0.084196,0.044958,0.001039,0.130193,0.646703,0.345319,0.007979,-0.698032
tas,South America (continental),1969,0.084196,0.043189,0.001074,0.128459,0.655431,0.336208,0.008361,-0.692125
tas,South America (continental),1970,0.084196,0.041424,0.001087,0.126706,0.664497,0.326926,0.008577,-0.685279
tas,South America (continental),1971,0.084196,0.039663,0.001078,0.124937,0.673907,0.317467,0.008626,-0.677512
tas,South America (continental),1972,0.084196,0.03791,0.001049,0.123155,0.683659,0.307827,0.008514,-0.668844
tas,South America (continental),1973,0.084196,0.036167,0.001001,0.121364,0.693748,0.298002,0.008251,-0.659292
tas,South America (continental),1974,0.084196,0.034435,0.000939,0.119569,0.70416,0.287991,0.007849,-0.648875
tas,South America (continental),1975,0.084196,0.032718,0.000863,0.117777,0.714878,0.277795,0.007327,-0.637612
tas,South America (continental),1976,0.084196,0.031018,0.000777,0.115992,0.72588,0.267417,0.006703,-0.625521
tas,South America (continental),1977,0.084196,0.029339,0.000685,0.11422,0.737137,0.256864,0.005999,-0.612618
tas,South America (continental),1978,0.084196,0.027684,0.000589,0.112469,0.748616,0.246144,0.005239,-0.598923
tas,South America (continental),1979,0.084196,0.026055,0.000493,0.110744,0.760279,0.235273,0.004448,-0.584452
tas,South America (continental),1980,0.084196,0.024456,0.000398,0.109051,0.772082,0.224266,0.003652,-0.569223
tas,South America (continental),1981,0.084196,0.022891,0.000309,0.107396,0.783976,0.213147,0.002877,-0.553252
tas,South America (continental),1982,0.084196,0.021363,0.000227,0.105786,0.79591,0.201942,0.002148,-0.536557
tas,South America (continental),1983,0.084196,0.019874,0.000155,0.104225,0.807826,0.190683,0.001491,-0.519155
tas,South America (continental),1984,0.084196,0.018429,9.5e-05,0.10272,0.819663,0.179408,0.000929,-0.501061
tas,South America (continental),1985,0.084196,0.01703,4.9e-05,0.101275,0.831357,0.168157,0.000485,-0.482292
tas,South America (continental),1986,0.084196,0.015681,1.8e-05,0.099895,0.842843,0.156979,0.000178,-0.462865
tas,South America (continental),1987,0.084196,0.014386,2e-06,0.098584,0.854052,0.145923,2.5e-05,-0.442795
tas,South America (continental),1988,0.084196,0.013146,4e-06,0.097346,0.864915,0.135047,3.8e-05,-0.422098
tas,South America (continental),1989,0.084196,0.011966,2.2e-05,0.096184,0.875362,0.12441,0.000228,-0.40079
tas,South America (continental),1990,0.084196,0.010849,5.7e-05,0.095102,0.885325,0.114075,0.0006,-0.378886
tas,South America (continental),1991,0.084196,0.009797,0.000109,0.094101,0.894737,0.104108,0.001155,-0.356401
tas,South America (continental),1992,0.084196,0.008813,0.000176,0.093185,0.903532,0.094578,0.00189,-0.33335
tas,South America (continental),1993,0.084196,0.007901,0.000258,0.092356,0.911651,0.085553,0.002797,-0.309749
tas,South America (continental),1994,0.084196,0.007064,0.000354,0.091613,0.919035,0.077103,0.003862,-0.285611
tas,South America (continental),1995,0.084196,0.006303,0.000461,0.09096,0.925633,0.069298,0.005069,-0.260951
tas,South America (continental),1996,0.084196,0.005623,0.000578,0.090397,0.931399,0.062204,0.006397,-0.235783
tas,South America (continental),1997,0.084196,0.005026,0.000703,0.089925,0.936291,0.055888,0.007821,-0.210123
tas,South America (continental),1998,0.084196,0.004514,0.000834,0.089544,0.940276,0.050411,0.009313,-0.183982
tas,South America (continental),1999,0.084196,0.004091,0.000968,0.089254,0.943325,0.045831,0.010844,-0.157376
tas,South America (continental),2000,0.084196,0.003758,0.001103,0.089057,0.945417,0.042203,0.01238,-0.130317
tas,South America (continental),2001,0.084196,0.00352,0.001236,0.088952,0.946537,0.039573,0.01389,-0.102819
tas,South America (continental),2002,0.084196,0.003378,0.001364,0.088939,0.946674,0.037984,0.015341,-0.074895
tas,South America (continental),2003,0.084196,0.003336,0.001487,0.089018,0.945827,0.037472,0.016701,-0.046559
tas,South America (continental),2004,0.084196,0.003395,0.0016,0.089191,0.943994,0.038066,0.01794,-0.017822
tas,South America (continental),2005,0.084196,0.003559,0.001702,0.089458,0.941182,0.039789,0.01903,0.011303
tas,South America (continental),2006,0.084196,0.003831,0.001792,0.089819,0.937399,0.042654,0.019948,0.040803
tas,South America (continental),2007,0.084196,0.004213,0.001866,0.090275,0.932657,0.046669,0.020674,0.070665
tas,South America (continental),2008,0.084196,0.004708,0.001925,0.090829,0.92697,0.051836,0.021194,0.100879
tas,South America (continental),2009,0.084196,0.005319,0.001967,0.091482,0.920353,0.058146,0.0215,0.131432
tas,South America (continental),2010,0.084196,0.006049,0.001991,0.092237,0.912825,0.065585,0.02159,0.162313
tas,South America (continental),2011,0.084196,0.006901,0.001999,0.093096,0.904402,0.07413,0.021468,0.19351
tas,South America (continental),2012,0.084196,0.007878,0.001989,0.094063,0.895101,0.083752,0.021147,0.225012
tas,South America (continental),2013,0.084196,0.008983,0.001964,0.095143,0.884942,0.094412,0.020646,0.256807
tas,South America (continental),2014,0.084196,0.010218,0.001926,0.09634,0.873942,0.106065,0.019992,0.288885
tas,South America (continental),2015,0.084196,0.011588,0.001877,0.097662,0.86212,0.118658,0.019221,0.321236
tas,South America (continental),2016,0.084196,0.013096,0.001821,0.099113,0.849494,0.132131,0.018376,0.353848
tas,South America (continental),2017,0.084196,0.014744,0.001763,0.100703,0.836082,0.146413,0.017505,0.386712
tas,South America (continental),2018,0.084196,0.016537,0.001707,0.10244,0.821905,0.16143,0.016665,0.419817
tas,South America (continental),2019,0.084196,0.018477,0.001661,0.104334,0.806985,0.177097,0.015918,0.453153
tas,South America (continental),2020,0.084196,0.020569,0.001631,0.106396,0.791345,0.193323,0.015332,0.486711
tas,South America (continental),2021,0.084196,0.022815,0.001627,0.108638,0.775011,0.21001,0.014979,0.52048
tas,South America (continental),2022,0.084196,0.02522,0.001659,0.111075,0.758012,0.227055,0.014932,0.554452
tas,South America (continental),2023,0.084196,0.027787,0.001736,0.11372,0.740382,0.244348,0.01527,0.588618
tas,South America (continental),2024,0.084196,0.03052,0.001873,0.11659,0.722157,0.261776,0.016067,0.622968
tas,South America (continental),2025,0.084196,0.033423,0.002083,0.119702,0.70338,0.279221,0.017399,0.657494
tas,South America (continental),2026,0.084196,0.0365,0.00238,0.123076,0.684097,0.296564,0.019339,0.692186
tas,South America (continental),2027,0.084196,0.039754,0.002782,0.126732,0.66436,0.313687,0.021954,0.727037
tas,South America (continental),2028,0.084196,0.04319,0.003307,0.130693,0.644226,0.33047,0.025305,0.762038
tas,South America (continental),2029,0.084196,0.046812,0.003975,0.134982,0.623755,0.346799,0.029446,0.797181
tas,South America (continental),2030,0.084196,0.050623,0.004806,0.139625,0.603015,0.362563,0.034423,0.832459
tas,South America (continental),2031,0.084196,0.054628,0.005825,0.144649,0.582073,0.377657,0.04027,0.867863
tas,South America (continental),2032,0.084196,0.05883,0.007056,0.150082,0.561001,0.391987,0.047012,0.903386
tas,South America (continental),2033,0.084196,0.063234,0.008525,0.155955,0.539874,0.405465,0.054661,0.939021
tas,South America (continental),2034,0.084196,0.067844,0.01026,0.1623,0.518767,0.418015,0.063219,0.974761
tas,South America (continental),2035,0.084196,0.072663,0.012293,0.169152,0.497752,0.429573,0.072675,1.010598
tas,South America (continental),2036,0.084196,0.077696,0.014655,0.176547,0.476904,0.440089,0.083007,1.046526
tas,South America (continental),2037,0.084196,0.082947,0.017379,0.184522,0.456293,0.449524,0.094183,1.082538
tas,South America (continental),2038,0.084196,0.088419,0.020502,0.193117,0.435985,0.457853,0.106162,1.118629
tas,South America (continental),2039,0.084196,0.094116,0.024061,0.202373,0.416044,0.465063,0.118893,1.154791
tas,South America (continental),2040,0.084196,0.100042,0.028096,0.212334,0.396527,0.471154,0.132319,1.191019
tas,South America (continental),2041,0.084196,0.1062,0.032649,0.223044,0.377485,0.476138,0.146377,1.227307
tas,South America (continental),2042,0.084196,0.112594,0.037763,0.234552,0.358964,0.480037,0.160999,1.263649
tas,South America (continental),2043,0.084196,0.119227,0.043484,0.246906,0.341004,0.482882,0.176114,1.30004
tas,South America (continental),2044,0.084196,0.126102,0.04986,0.260158,0.323635,0.484714,0.191652,1.336475
tas,South America (continental),2045,0.084196,0.133222,0.05694,0.274358,0.306883,0.485578,0.207539,1.372948
tas,South America (continental),2046,0.084196,0.140591,0.064777,0.289564,0.290768,0.485527,0.223705,1.409455
tas,South America (continental),2047,0.084196,0.14821,0.073424,0.30583,0.275303,0.484616,0.240081,1.445991
tas,South America (continental),2048,0.084196,0.156083,0.082937,0.323216,0.260494,0.482906,0.2566,1.482552
tas,South America (continental),2049,0.084196,0.164211,0.093374,0.341782,0.246344,0.480457,0.273199,1.519132
tas,South America (continental),2050,0.084196,0.172597,0.104796,0.361589,0.23285,0.47733,0.28982,1.555729
tas,South America (continental),2051,0.084196,0.181242,0.117263,0.382702,0.220004,0.473587,0.306409,1.592338
tas,South America (continental),2052,0.084196,0.190149,0.130841,0.405185,0.207796,0.469288,0.322916,1.628955
tas,South America (continental),2053,0.084196,0.199317,0.145594,0.429108,0.196212,0.464492,0.339296,1.665577
tas,South America (continental),2054,0.084196,0.208749,0.161592,0.454537,0.185234,0.459256,0.355509,1.7022
tas,South America (continental),2055,0.084196,0.218445,0.178904,0.481545,0.174845,0.453634,0.371521,1.738822
tas,South America (continental),2056,0.084196,0.228406,0.197602,0.510204,0.165024,0.447676,0.3873,1.775439
tas,South America (continental),2057,0.084196,0.238632,0.21776,0.540587,0.155749,0.44143,0.402821,1.812048
tas,South America (continental),2058,0.084196,0.249122,0.239453,0.572771,0.146998,0.434942,0.41806,1.848647
tas,South America (continental),2059,0.084196,0.259877,0.262759,0.606832,0.138747,0.428252,0.433001,1.885233
tas,South America (continental),2060,0.084196,0.270896,0.287758,0.64285,0.130973,0.421399,0.447628,1.921805
tas,South America (continental),2061,0.084196,0.282178,0.31453,0.680903,0.123653,0.414417,0.46193,1.958359
tas,South America (continental),2062,0.084196,0.293721,0.343158,0.721075,0.116764,0.407338,0.475898,1.994895
tas,South America (continental),2063,0.084196,0.305525,0.373727,0.763448,0.110284,0.400191,0.489525,2.03141
tas,South America (continental),2064,0.084196,0.317587,0.406322,0.808105,0.104189,0.393002,0.502809,2.067903
tas,South America (continental),2065,0.084196,0.329905,0.441032,0.855133,0.098459,0.385794,0.515747,2.104373
tas,South America (continental),2066,0.084196,0.342477,0.477946,0.904619,0.093073,0.378587,0.52834,2.140818
tas,South America (continental),2067,0.084196,0.3553,0.517154,0.95665,0.088011,0.371401,0.540588,2.177238
tas,South America (continental),2068,0.084196,0.368372,0.558748,1.011316,0.083254,0.36425,0.552496,2.213632
tas,South America (continental),2069,0.084196,0.38169,0.602822,1.068707,0.078783,0.357151,0.564066,2.249999
tas,South America (continental),2070,0.084196,0.395249,0.64947,1.128915,0.074581,0.350114,0.575305,2.286339
tas,South America (continental),2071,0.084196,0.409047,0.698788,1.192031,0.070632,0.343152,0.586216,2.322651
tas,South America (continental),2072,0.084196,0.423081,0.750873,1.25815,0.06692,0.336272,0.596807,2.358937
tas,South America (continental),2073,0.084196,0.437346,0.805823,1.327365,0.063431,0.329484,0.607085,2.395195
tas,South America (continental),2074,0.084196,0.451839,0.863737,1.399772,0.06015,0.322794,0.617056,2.431427
tas,South America (continental),2075,0.084196,0.466555,0.924715,1.475467,0.057064,0.316209,0.626727,2.467633
tas,South America (continental),2076,0.084196,0.481492,0.988858,1.554546,0.054161,0.309732,0.636107,2.503813
tas,South America (continental),2077,0.084196,0.496646,1.056266,1.637108,0.05143,0.303368,0.645202,2.539969
tas,South America (continental),2078,0.084196,0.512012,1.127043,1.723251,0.048859,0.29712,0.654021,2.576101
tas,South America (continental),2079,0.084196,0.527588,1.20129,1.813074,0.046438,0.290991,0.662571,2.612211
tas,South America (continental),2080,0.084196,0.54337,1.27911,1.906677,0.044158,0.284983,0.670859,2.648301
tas,South America (continental),2081,0.084196,0.559356,1.360608,2.00416,0.042011,0.279097,0.678892,2.684373
tas,South America (continental),2082,0.084196,0.575542,1.445887,2.105625,0.039986,0.273335,0.686678,2.720427
tas,South America (continental),2083,0.084196,0.591927,1.535051,2.211174,0.038077,0.267698,0.694224,2.756466
tas,South America (continental),2084,0.084196,0.608509,1.628204,2.320909,0.036277,0.262186,0.701537,2.792493
tas,South America (continental),2085,0.084196,0.625287,1.72545,2.434933,0.034578,0.256798,0.708623,2.82851
tas,South America (continental),2086,0.084196,0.642261,1.826894,2.553351,0.032975,0.251537,0.715489,2.864519
tas,South America (continental),2087,0.084196,0.659431,1.932638,2.676265,0.03146,0.2464,0.72214,2.900524
tas,South America (continental),2088,0.084196,0.6768,2.042786,2.803782,0.030029,0.241388,0.728582,2.936527
tas,South America (continental),2089,0.084196,0.694368,2.157442,2.936007,0.028677,0.236501,0.734822,2.972531
tas,South America (continental),2090,0.084196,0.712141,2.276709,3.073046,0.027398,0.231738,0.740864,3.008541
tas,South America (continental),2091,0.084196,0.730123,2.400687,3.215006,0.026188,0.227098,0.746713,3.044558
tas,South America (continental),2092,0.084196,0.74832,2.529479,3.361996,0.025043,0.222582,0.752374,3.080588
tas,South America (continental),2093,0.084196,0.766742,2.663186,3.514123,0.023959,0.218189,0.757852,3.116634
tas,South America (continental),2094,0.084196,0.785396,2.801906,3.671498,0.022932,0.213917,0.763151,3.152701
tas,South America (continental),2095,0.084196,0.804295,2.945739,3.83423,0.021959,0.209767,0.768274,3.188792
tas,South America (continental),2096,0.084196,0.823453,3.094782,4.002431,0.021036,0.205738,0.773226,3.224912
tas,South America (continental),2097,0.084196,0.842886,3.249131,4.176213,0.020161,0.20183,0.778009,3.261066
tas,South America (continental),2098,0.084196,0.862611,3.408882,4.355689,0.01933,0.198042,0.782628,3.297259
tas,South America (continental),2099,0.084196,0.88265,3.574129,4.540975,0.018541,0.194375,0.787084,3.333495
tas,South America (continental),2100,0.084196,0.903027,3.744963,4.732186,0.017792,0.190827,0.791381,3.369781
tas,Southern Cone,1950,0.079654,0.044463,0.003524,0.12764,0.62405,0.348344,0.027606,-0.411024
tas,Southern Cone,1951,0.079654,0.041957,0.002436,0.124047,0.642129,0.338235,0.019636,-0.422248
tas,Southern Cone,1952,0.079654,0.039717,0.001603,0.120974,0.658439,0.328308,0.013253,-0.432516
tas,Southern Cone,1953,0.079654,0.037709,0.000986,0.118348,0.673046,0.318623,0.008331,-0.441843
tas,Southern Cone,1954,0.079654,0.035903,0.000548,0.116105,0.686052,0.309228,0.004721,-0.450244
tas,Southern Cone,1955,0.079654,0.034272,0.000258,0.114184,0.697591,0.30015,0.002258,-0.457734
tas,Southern Cone,1956,0.079654,0.032793,8.7e-05,0.112534,0.707818,0.291407,0.000775,-0.464328
tas,Southern Cone,1957,0.079654,0.031444,1.1e-05,0.111109,0.716898,0.283001,0.000101,-0.470041
tas,Southern Cone,1958,0.079654,0.030205,8e-06,0.109867,0.725,0.274925,7.6e-05,-0.474888
tas,Southern Cone,1959,0.079654,0.02906,6e-05,0.108774,0.732288,0.267162,0.000549,-0.478882
tas,Southern Cone,1960,0.079654,0.027994,0.000149,0.107797,0.738921,0.259693,0.001386,-0.482039
tas,Southern Cone,1961,0.079654,0.026994,0.000264,0.106912,0.745044,0.252489,0.002466,-0.484374
tas,Southern Cone,1962,0.079654,0.026048,0.000391,0.106093,0.75079,0.245524,0.003685,-0.485899
tas,Southern Cone,1963,0.079654,0.025148,0.000522,0.105324,0.756278,0.238768,0.004955,-0.486629
tas,Southern Cone,1964,0.079654,0.024284,0.000649,0.104586,0.761609,0.232189,0.006202,-0.486578
tas,Southern Cone,1965,0.079654,0.023449,0.000765,0.103869,0.766872,0.22576,0.007368,-0.48576
tas,Southern Cone,1966,0.079654,0.022639,0.000867,0.10316,0.77214,0.219452,0.008407,-0.484189
tas,Southern Cone,1967,0.079654,0.021847,0.000951,0.102452,0.777474,0.21324,0.009285,-0.481877
tas,Southern Cone,1968,0.079654,0.02107,0.001015,0.101739,0.782921,0.207101,0.009978,-0.47884
tas,Southern Cone,1969,0.079654,0.020306,0.001058,0.101017,0.788516,0.201012,0.010472,-0.475089
tas,Southern Cone,1970,0.079654,0.019551,0.001079,0.100284,0.794283,0.194957,0.010759,-0.470639
tas,Southern Cone,1971,0.079654,0.018805,0.001079,0.099538,0.800239,0.18892,0.010842,-0.465502
tas,Southern Cone,1972,0.079654,0.018065,0.001059,0.098779,0.806387,0.182888,0.010725,-0.459691
tas,Southern Cone,1973,0.079654,0.017333,0.001021,0.098008,0.812726,0.176852,0.010422,-0.45322
tas,Southern Cone,1974,0.079654,0.016607,0.000967,0.097228,0.819246,0.170805,0.009948,-0.4461
tas,Southern Cone,1975,0.079654,0.015888,0.000899,0.096441,0.82593,0.164745,0.009325,-0.438345
tas,Southern Cone,1976,0.079654,0.015177,0.00082,0.095651,0.832755,0.158669,0.008575,-0.429967
tas,Southern Cone,1977,0.079654,0.014474,0.000733,0.094861,0.839693,0.152582,0.007725,-0.420979
tas,Southern Cone,1978,0.079654,0.013781,0.00064,0.094075,0.846709,0.146488,0.006803,-0.411393
tas,Southern Cone,1979,0.079654,0.013098,0.000545,0.093297,0.853767,0.140396,0.005837,-0.40122
tas,Southern Cone,1980,0.079654,0.012428,0.00045,0.092532,0.860825,0.134315,0.00486,-0.390473
tas,Southern Cone,1981,0.079654,0.011772,0.000358,0.091784,0.867839,0.128261,0.003901,-0.379165
tas,Southern Cone,1982,0.079654,0.011132,0.000272,0.091058,0.874762,0.122248,0.002991,-0.367305
tas,Southern Cone,1983,0.079654,0.010508,0.000195,0.090357,0.881546,0.116294,0.00216,-0.354908
tas,Southern Cone,1984,0.079654,0.009903,0.000129,0.089686,0.888141,0.110422,0.001437,-0.341983
tas,Southern Cone,1985,0.079654,0.009319,7.6e-05,0.089049,0.894499,0.104651,0.00085,-0.328543
tas,Southern Cone,1986,0.079654,0.008757,3.7e-05,0.088448,0.90057,0.099007,0.000422,-0.314598
tas,Southern Cone,1987,0.079654,0.008219,1.6e-05,0.087888,0.906307,0.093515,0.000178,-0.30016
tas,Southern Cone,1988,0.079654,0.007706,1.2e-05,0.087372,0.911664,0.088201,0.000135,-0.28524
tas,Southern Cone,1989,0.079654,0.007221,2.7e-05,0.086902,0.916599,0.083092,0.000309,-0.269849
tas,Southern Cone,1990,0.079654,0.006764,6.2e-05,0.08648,0.921071,0.078215,0.000714,-0.253998
tas,Southern Cone,1991,0.079654,0.006337,0.000117,0.086108,0.925046,0.073598,0.001355,-0.237697
tas,Southern Cone,1992,0.079654,0.005942,0.000192,0.085788,0.928493,0.069268,0.002239,-0.220957
tas,Southern Cone,1993,0.079654,0.00558,0.000288,0.085522,0.931385,0.065251,0.003364,-0.203789
tas,Southern Cone,1994,0.079654,0.005253,0.000403,0.08531,0.933701,0.061573,0.004725,-0.186203
tas,Southern Cone,1995,0.079654,0.004961,0.000538,0.085152,0.935427,0.058259,0.006315,-0.168209
tas,Southern Cone,1996,0.079654,0.004706,0.000691,0.08505,0.93655,0.055331,0.008119,-0.149817
tas,Southern Cone,1997,0.079654,0.004489,0.000861,0.085003,0.937066,0.052811,0.010123,-0.131037
tas,Southern Cone,1998,0.079654,0.004312,0.001046,0.085012,0.936975,0.050718,0.012307,-0.11188
tas,Southern Cone,1999,0.079654,0.004175,0.001246,0.085075,0.936282,0.049071,0.014647,-0.092355
tas,Southern Cone,2000,0.079654,0.004079,0.001459,0.085192,0.934994,0.047885,0.01712,-0.072471
tas,Southern Cone,2001,0.079654,0.004027,0.001682,0.085362,0.933126,0.047175,0.019699,-0.052238
tas,Southern Cone,2002,0.079654,0.004019,0.001913,0.085586,0.930691,0.046954,0.022355,-0.031666
tas,Southern Cone,2003,0.079654,0.004055,0.002152,0.085861,0.927709,0.047231,0.02506,-0.010763
tas,Southern Cone,2004,0.079654,0.004138,0.002395,0.086187,0.924199,0.048016,0.027785,0.01046
tas,Southern Cone,2005,0.079654,0.004269,0.00264,0.086563,0.920183,0.049316,0.030501,0.031996
tas,Southern Cone,2006,0.079654,0.004448,0.002886,0.086989,0.915682,0.051138,0.03318,0.053834
tas,Southern Cone,2007,0.079654,0.004678,0.003131,0.087463,0.910717,0.053485,0.035798,0.075967
tas,Southern Cone,2008,0.079654,0.004959,0.003372,0.087985,0.90531,0.056362,0.038329,0.098386
tas,Southern Cone,2009,0.079654,0.005293,0.003609,0.088556,0.899478,0.05977,0.040751,0.121081
tas,Southern Cone,2010,0.079654,0.005681,0.003839,0.089174,0.893241,0.063712,0.043047,0.144045
tas,Southern Cone,2011,0.079654,0.006126,0.004061,0.089841,0.886613,0.068187,0.0452,0.167269
tas,Southern Cone,2012,0.079654,0.006628,0.004274,0.090556,0.879605,0.073195,0.047199,0.190746
tas,Southern Cone,2013,0.079654,0.00719,0.004478,0.091322,0.872229,0.078734,0.049037,0.214466
tas,Southern Cone,2014,0.079654,0.007814,0.004672,0.09214,0.864491,0.084801,0.050709,0.238422
tas,Southern Cone,2015,0.079654,0.0085,0.004857,0.093011,0.856393,0.091391,0.052216,0.262607
tas,Southern Cone,2016,0.079654,0.009253,0.005032,0.093939,0.847935,0.0985,0.053565,0.287011
tas,Southern Cone,2017,0.079654,0.010073,0.005199,0.094926,0.839115,0.106118,0.054767,0.311629
tas,Southern Cone,2018,0.079654,0.010964,0.005359,0.095977,0.829926,0.114237,0.055837,0.336452
tas,Southern Cone,2019,0.079654,0.011928,0.005515,0.097096,0.82036,0.122845,0.056795,0.361473
tas,Southern Cone,2020,0.079654,0.012967,0.005668,0.098289,0.810404,0.131926,0.057669,0.386684
tas,Southern Cone,2021,0.079654,0.014084,0.005823,0.099561,0.800047,0.141463,0.058489,0.412079
tas,Southern Cone,2022,0.079654,0.015283,0.005984,0.10092,0.789273,0.151435,0.059292,0.437651
tas,Southern Cone,2023,0.079654,0.016566,0.006154,0.102374,0.778068,0.161816,0.060117,0.463392
tas,Southern Cone,2024,0.079654,0.017936,0.006341,0.10393,0.766415,0.172577,0.061009,0.489296
tas,Southern Cone,2025,0.079654,0.019397,0.006549,0.1056,0.754299,0.183683,0.062017,0.515356
tas,Southern Cone,2026,0.079654,0.020952,0.006787,0.107392,0.741709,0.195097,0.063194,0.541566
tas,Southern Cone,2027,0.079654,0.022605,0.007061,0.10932,0.728632,0.206775,0.064593,0.567919
tas,Southern Cone,2028,0.079654,0.024359,0.007382,0.111395,0.71506,0.218669,0.066271,0.59441
tas,Southern Cone,2029,0.079654,0.026217,0.007759,0.11363,0.70099,0.230725,0.068285,0.621031
tas,Southern Cone,2030,0.079654,0.028185,0.008203,0.116042,0.686422,0.242886,0.070692,0.647776
tas,Southern Cone,2031,0.079654,0.030265,0.008726,0.118645,0.671362,0.25509,0.073548,0.674641
tas,Southern Cone,2032,0.079654,0.032462,0.009341,0.121457,0.655821,0.267273,0.076906,0.701619
tas,Southern Cone,2033,0.079654,0.03478,0.010061,0.124494,0.639818,0.279366,0.080815,0.728703
tas,Southern Cone,2034,0.079654,0.037222,0.010902,0.127778,0.623379,0.2913,0.085321,0.75589
tas,Southern Cone,2035,0.079654,0.039792,0.01188,0.131326,0.606533,0.303003,0.090464,0.783173
tas,Southern Cone,2036,0.079654,0.042496,0.013013,0.135162,0.589319,0.314406,0.096274,0.810547
tas,Southern Cone,2037,0.079654,0.045336,0.014318,0.139308,0.571782,0.325439,0.102778,0.838006
tas,Southern Cone,2038,0.079654,0.048318,0.015815,0.143787,0.553972,0.336036,0.109992,0.865546
tas,Southern Cone,2039,0.079654,0.051444,0.017526,0.148624,0.535942,0.346134,0.117924,0.893162
tas,Southern Cone,2040,0.079654,0.054719,0.019472,0.153845,0.517753,0.355675,0.126572,0.920849
tas,Southern Cone,2041,0.079654,0.058147,0.021677,0.159478,0.499467,0.364608,0.135926,0.948601
tas,Southern Cone,2042,0.079654,0.061731,0.024165,0.16555,0.481147,0.372886,0.145967,0.976415
tas,Southern Cone,2043,0.079654,0.065476,0.026962,0.172091,0.462858,0.380473,0.15667,1.004286
tas,Southern Cone,2044,0.079654,0.069385,0.030094,0.179132,0.444664,0.387337,0.167998,1.03221
tas,Southern Cone,2045,0.079654,0.073461,0.03359,0.186705,0.42663,0.393459,0.179912,1.060182
tas,Southern Cone,2046,0.079654,0.077707,0.037481,0.194841,0.408814,0.398822,0.192364,1.088197
tas,Southern Cone,2047,0.079654,0.082127,0.041795,0.203576,0.391273,0.403422,0.205304,1.116253
tas,Southern Cone,2048,0.079654,0.086724,0.046566,0.212943,0.374061,0.407261,0.218678,1.144346
tas,Southern Cone,2049,0.079654,0.091499,0.051827,0.222979,0.357225,0.410348,0.232427,1.17247
tas,Southern Cone,2050,0.079654,0.096456,0.057611,0.233721,0.340807,0.412697,0.246496,1.200624
tas,Southern Cone,2051,0.079654,0.101597,0.063956,0.245207,0.324843,0.41433,0.260826,1.228803
tas,Southern Cone,2052,0.079654,0.106923,0.070899,0.257475,0.309365,0.415274,0.275361,1.257003
tas,Southern Cone,2053,0.079654,0.112436,0.078476,0.270566,0.294397,0.415558,0.290045,1.285222
tas,Southern Cone,2054,0.079654,0.118137,0.086729,0.28452,0.279959,0.415216,0.304825,1.313457
tas,Southern Cone,2055,0.079654,0.124028,0.095697,0.299379,0.266064,0.414284,0.319653,1.341703
tas,Southern Cone,2056,0.079654,0.130108,0.105423,0.315185,0.252721,0.412799,0.33448,1.369959
tas,Southern Cone,2057,0.079654,0.136378,0.11595,0.331982,0.239934,0.410801,0.349265,1.398222
tas,Southern Cone,2058,0.079654,0.142838,0.127321,0.349813,0.227704,0.408327,0.363969,1.426488
tas,Southern Cone,2059,0.079654,0.149488,0.139583,0.368724,0.216025,0.405419,0.378556,1.454755
tas,Southern Cone,2060,0.079654,0.156325,0.152781,0.38876,0.204892,0.402113,0.392996,1.483021
tas,Southern Cone,2061,0.079654,0.16335,0.166964,0.409968,0.194293,0.398447,0.407261,1.511284
tas,Southern Cone,2062,0.079654,0.170561,0.182179,0.432394,0.184216,0.394457,0.421327,1.539541
tas,Southern Cone,2063,0.079654,0.177954,0.198477,0.456085,0.174647,0.390177,0.435176,1.567789
tas,Southern Cone,2064,0.079654,0.185529,0.215908,0.481091,0.165569,0.385642,0.448789,1.596028
tas,Southern Cone,2065,0.079654,0.193281,0.234524,0.507459,0.156966,0.38088,0.462154,1.624255
tas,Southern Cone,2066,0.079654,0.201209,0.254377,0.53524,0.148819,0.375922,0.475259,1.652469
tas,Southern Cone,2067,0.079654,0.209307,0.275521,0.564482,0.14111,0.370795,0.488095,1.680667
tas,Southern Cone,2068,0.079654,0.217573,0.298009,0.595236,0.133819,0.365524,0.500657,1.708849
tas,Southern Cone,2069,0.079654,0.226001,0.321897,0.627552,0.126928,0.360131,0.512941,1.737013
tas,Southern Cone,2070,0.079654,0.234588,0.347241,0.661483,0.120417,0.35464,0.524943,1.765157
tas,Southern Cone,2071,0.079654,0.243328,0.374097,0.69708,0.114268,0.349068,0.536664,1.793281
tas,Southern Cone,2072,0.079654,0.252217,0.402523,0.734394,0.108462,0.343435,0.548103,1.821383
tas,Southern Cone,2073,0.079654,0.261248,0.432576,0.773478,0.102981,0.337757,0.559261,1.849463
tas,Southern Cone,2074,0.079654,0.270416,0.464315,0.814385,0.097809,0.332049,0.570142,1.877519
tas,Southern Cone,2075,0.079654,0.279716,0.497799,0.857169,0.092927,0.326325,0.580748,1.905552
tas,Southern Cone,2076,0.079654,0.289141,0.533088,0.901882,0.08832,0.320597,0.591084,1.93356
tas,Southern Cone,2077,0.079654,0.298685,0.570241,0.94858,0.083972,0.314876,0.601152,1.961543
tas,Southern Cone,2078,0.079654,0.308343,0.60932,0.997316,0.079868,0.309173,0.610959,1.989502
tas,Southern Cone,2079,0.079654,0.318109,0.650384,1.048146,0.075995,0.303497,0.620509,2.017434
tas,Southern Cone,2080,0.079654,0.327976,0.693495,1.101125,0.072339,0.297856,0.629806,2.045342
tas,Southern Cone,2081,0.079654,0.337941,0.738714,1.156308,0.068886,0.292258,0.638855,2.073224
tas,Southern Cone,2082,0.079654,0.347996,0.786103,1.213753,0.065626,0.286711,0.647663,2.10108
tas,Southern Cone,2083,0.079654,0.358138,0.835724,1.273516,0.062546,0.28122,0.656234,2.128912
tas,Southern Cone,2084,0.079654,0.368362,0.887638,1.335654,0.059637,0.275792,0.664572,2.156719
tas,Southern Cone,2085,0.079654,0.378665,0.941908,1.400227,0.056886,0.270431,0.672683,2.184503
tas,Southern Cone,2086,0.079654,0.389043,0.998595,1.467292,0.054286,0.265143,0.68057,2.212262
tas,Southern Cone,2087,0.079654,0.399494,1.057762,1.53691,0.051827,0.259933,0.688239,2.24
tas,Southern Cone,2088,0.079654,0.410018,1.11947,1.609141,0.049501,0.254805,0.695694,2.267715
tas,Southern Cone,2089,0.079654,0.420614,1.18378,1.684048,0.047299,0.249764,0.702937,2.29541
tas,Southern Cone,2090,0.079654,0.431283,1.250755,1.761691,0.045214,0.244812,0.709974,2.323085
tas,Southern Cone,2091,0.079654,0.442028,1.320455,1.842136,0.04324,0.239954,0.716806,2.350742
tas,Southern Cone,2092,0.079654,0.452852,1.392941,1.925448,0.041369,0.235193,0.723438,2.378381
tas,Southern Cone,2093,0.079654,0.463763,1.468275,2.011692,0.039595,0.230534,0.729871,2.406006
tas,Southern Cone,2094,0.079654,0.474768,1.546516,2.100938,0.037913,0.225979,0.736107,2.433616
tas,Southern Cone,2095,0.079654,0.485877,1.627724,2.193255,0.036318,0.221532,0.74215,2.461214
tas,Southern Cone,2096,0.079654,0.497102,1.711959,2.288715,0.034803,0.217197,0.748,2.488802
tas,Southern Cone,2097,0.079654,0.508459,1.799279,2.387392,0.033364,0.212977,0.753659,2.516381
tas,Southern Cone,2098,0.079654,0.519965,1.889743,2.489362,0.031998,0.208875,0.759128,2.543954
tas,Southern Cone,2099,0.079654,0.531641,1.983409,2.594703,0.030699,0.204895,0.764407,2.571523
tas,Southern Cone,2100,0.079654,0.543512,2.080333,2.703498,0.029463,0.20104,0.769497,2.59909
tas,Subtropical Andes,1950,0.13885,0.117546,0.004298,0.260694,0.532617,0.450895,0.016488,-0.636075
tas,Subtropical Andes,1951,0.13885,0.111034,0.002967,0.252851,0.549139,0.439129,0.011732,-0.651789
tas,Subtropical Andes,1952,0.13885,0.104997,0.00195,0.245798,0.564896,0.427169,0.007935,-0.666104
tas,Subtropical Andes,1953,0.13885,0.099389,0.001199,0.239438,0.5799,0.415092,0.005008,-0.679043
tas,Subtropical Andes,1954,0.13885,0.094169,0.000667,0.233686,0.594173,0.40297,0.002856,-0.690628
tas,Subtropical Andes,1955,0.13885,0.089298,0.000315,0.228464,0.607756,0.390863,0.001381,-0.700882
tas,Subtropical Andes,1956,0.13885,0.084743,0.000108,0.223701,0.620696,0.378822,0.000482,-0.709827
tas,Subtropical Andes,1957,0.13885,0.080472,1.4e-05,0.219336,0.633049,0.366888,6.3e-05,-0.717485
tas,Subtropical Andes,1958,0.13885,0.076456,7e-06,0.215313,0.644875,0.355094,3.2e-05,-0.723878
tas,Subtropical Andes,1959,0.13885,0.072672,6.4e-05,0.211586,0.656237,0.343462,0.000301,-0.729028
tas,Subtropical Andes,1960,0.13885,0.069094,0.000165,0.208109,0.667199,0.332009,0.000793,-0.732956
tas,Subtropical Andes,1961,0.13885,0.065703,0.000294,0.204848,0.677822,0.320743,0.001435,-0.735683
tas,Subtropical Andes,1962,0.13885,0.062481,0.000437,0.201769,0.688165,0.309667,0.002167,-0.737231
tas,Subtropical Andes,1963,0.13885,0.059411,0.000584,0.198845,0.698285,0.298781,0.002935,-0.73762
tas,Subtropical Andes,1964,0.13885,0.056478,0.000724,0.196052,0.70823,0.288077,0.003693,-0.736872
tas,Subtropical Andes,1965,0.13885,0.05367,0.000852,0.193372,0.718047,0.277549,0.004404,-0.735007
tas,Subtropical Andes,1966,0.13885,0.050976,0.000961,0.190787,0.727775,0.267186,0.00504,-0.732046
tas,Subtropical Andes,1967,0.13885,0.048385,0.00105,0.188285,0.737447,0.256976,0.005577,-0.728009
tas,Subtropical Andes,1968,0.13885,0.045889,0.001115,0.185854,0.747091,0.246908,0.006001,-0.722915
tas,Subtropical Andes,1969,0.13885,0.043481,0.001156,0.183487,0.756729,0.23697,0.006301,-0.716786
tas,Subtropical Andes,1970,0.13885,0.041155,0.001173,0.181178,0.766375,0.227151,0.006474,-0.70964
tas,Subtropical Andes,1971,0.13885,0.038905,0.001166,0.178921,0.776041,0.217441,0.006518,-0.701497
tas,Subtropical Andes,1972,0.13885,0.036727,0.001138,0.176715,0.785729,0.207831,0.00644,-0.692378
tas,Subtropical Andes,1973,0.13885,0.034617,0.00109,0.174558,0.795438,0.198315,0.006246,-0.6823
tas,Subtropical Andes,1974,0.13885,0.032574,0.001026,0.17245,0.805163,0.188888,0.005949,-0.671284
tas,Subtropical Andes,1975,0.13885,0.030593,0.000947,0.170391,0.814893,0.179547,0.00556,-0.659347
tas,Subtropical Andes,1976,0.13885,0.028675,0.000858,0.168383,0.82461,0.170294,0.005096,-0.646509
tas,Subtropical Andes,1977,0.13885,0.026816,0.000761,0.166428,0.834296,0.16113,0.004574,-0.632789
tas,Subtropical Andes,1978,0.13885,0.025018,0.00066,0.164529,0.843927,0.152061,0.004012,-0.618204
tas,Subtropical Andes,1979,0.13885,0.02328,0.000558,0.162688,0.853476,0.143096,0.003428,-0.602773
tas,Subtropical Andes,1980,0.13885,0.021601,0.000457,0.160909,0.862914,0.134245,0.002842,-0.586514
tas,Subtropical Andes,1981,0.13885,0.019982,0.000361,0.159194,0.872207,0.125522,0.002271,-0.569444
tas,Subtropical Andes,1982,0.13885,0.018424,0.000273,0.157548,0.881323,0.116944,0.001733,-0.551583
tas,Subtropical Andes,1983,0.13885,0.016928,0.000194,0.155972,0.890225,0.108529,0.001246,-0.532946
tas,Subtropical Andes,1984,0.13885,0.015493,0.000127,0.154471,0.898877,0.100299,0.000824,-0.513551
tas,Subtropical Andes,1985,0.13885,0.014123,7.4e-05,0.153046,0.907243,0.092276,0.000481,-0.493416
tas,Subtropical Andes,1986,0.13885,0.012817,3.5e-05,0.151702,0.915285,0.084487,0.000228,-0.472557
tas,Subtropical Andes,1987,0.13885,0.011577,1.1e-05,0.150439,0.922969,0.076958,7.3e-05,-0.450991
tas,Subtropical Andes,1988,0.13885,0.010406,4e-06,0.14926,0.930259,0.069717,2.4e-05,-0.428736
tas,Subtropical Andes,1989,0.13885,0.009304,1.3e-05,0.148167,0.937123,0.062793,8.5e-05,-0.405806
tas,Subtropical Andes,1990,0.13885,0.008273,3.7e-05,0.14716,0.94353,0.056216,0.000254,-0.38222
tas,Subtropical Andes,1991,0.13885,0.007315,7.8e-05,0.146243,0.949451,0.050017,0.000531,-0.357992
tas,Subtropical Andes,1992,0.13885,0.006431,0.000132,0.145414,0.954862,0.044227,0.000911,-0.333139
tas,Subtropical Andes,1993,0.13885,0.005624,0.0002,0.144675,0.959741,0.038874,0.001385,-0.307676
tas,Subtropical Andes,1994,0.13885,0.004895,0.00028,0.144026,0.964067,0.03399,0.001944,-0.281619
tas,Subtropical Andes,1995,0.13885,0.004247,0.000369,0.143466,0.967825,0.029602,0.002573,-0.254984
tas,Subtropical Andes,1996,0.13885,0.00368,0.000466,0.142997,0.971003,0.025738,0.003259,-0.227786
tas,Subtropical Andes,1997,0.13885,0.003198,0.000568,0.142617,0.97359,0.022425,0.003985,-0.200039
tas,Subtropical Andes,1998,0.13885,0.002802,0.000673,0.142326,0.97558,0.019688,0.004732,-0.171759
tas,Subtropical Andes,1999,0.13885,0.002494,0.000779,0.142123,0.976969,0.01755,0.00548,-0.14296
tas,Subtropical Andes,2000,0.13885,0.002277,0.000882,0.142009,0.977755,0.016033,0.006212,-0.113657
tas,Subtropical Andes,2001,0.13885,0.002152,0.00098,0.141983,0.977938,0.015156,0.006906,-0.083865
tas,Subtropical Andes,2002,0.13885,0.002122,0.001071,0.142043,0.977519,0.014938,0.007543,-0.053597
tas,Subtropical Andes,2003,0.13885,0.002189,0.001152,0.142192,0.976501,0.015394,0.008105,-0.022868
tas,Subtropical Andes,2004,0.13885,0.002355,0.001221,0.142427,0.974886,0.016538,0.008576,0.008309
tas,Subtropical Andes,2005,0.13885,0.002624,0.001276,0.14275,0.972678,0.018382,0.008941,0.03992
tas,Subtropical Andes,2006,0.13885,0.002997,0.001315,0.143163,0.969878,0.020935,0.009187,0.071952
tas,Subtropical Andes,2007,0.13885,0.003478,0.001337,0.143665,0.966487,0.024206,0.009307,0.10439
tas,Subtropical Andes,2008,0.13885,0.004068,0.001341,0.144259,0.962506,0.0282,0.009293,0.137223
tas,Subtropical Andes,2009,0.13885,0.004772,0.001326,0.144948,0.957933,0.03292,0.009147,0.170436
tas,Subtropical Andes,2010,0.13885,0.005591,0.001293,0.145734,0.952764,0.038367,0.008869,0.204018
tas,Subtropical Andes,2011,0.13885,0.00653,0.001242,0.146622,0.946993,0.044538,0.008469,0.237955
tas,Subtropical Andes,2012,0.13885,0.007592,0.001175,0.147617,0.940612,0.051429,0.007959,0.272235
tas,Subtropical Andes,2013,0.13885,0.008779,0.001094,0.148724,0.93361,0.059032,0.007359,0.306846
tas,Subtropical Andes,2014,0.13885,0.010097,0.001003,0.149951,0.925973,0.067335,0.006692,0.341776
tas,Subtropical Andes,2015,0.13885,0.011548,0.000906,0.151304,0.917688,0.076323,0.005989,0.377013
tas,Subtropical Andes,2016,0.13885,0.013137,0.000808,0.152795,0.908738,0.085977,0.005285,0.412545
tas,Subtropical Andes,2017,0.13885,0.014867,0.000714,0.154432,0.899105,0.096271,0.004624,0.44836
tas,Subtropical Andes,2018,0.13885,0.016744,0.000633,0.156227,0.888771,0.107178,0.004051,0.484447
tas,Subtropical Andes,2019,0.13885,0.018772,0.000573,0.158195,0.877717,0.118663,0.00362,0.520795
tas,Subtropical Andes,2020,0.13885,0.020955,0.000543,0.160349,0.865927,0.130684,0.003388,0.557393
tas,Subtropical Andes,2021,0.13885,0.023299,0.000556,0.162705,0.853385,0.143197,0.003418,0.594229
tas,Subtropical Andes,2022,0.13885,0.025808,0.000624,0.165282,0.840079,0.156147,0.003773,0.631294
tas,Subtropical Andes,2023,0.13885,0.028489,0.00076,0.168099,0.826001,0.169478,0.004522,0.668576
tas,Subtropical Andes,2024,0.13885,0.031347,0.000981,0.171178,0.811145,0.183122,0.005732,0.706066
tas,Subtropical Andes,2025,0.13885,0.034386,0.001304,0.174541,0.795516,0.197011,0.007473,0.743752
tas,Subtropical Andes,2026,0.13885,0.037615,0.001749,0.178214,0.779122,0.211067,0.009811,0.781626
tas,Subtropical Andes,2027,0.13885,0.041038,0.002334,0.182223,0.76198,0.225209,0.012811,0.819677
tas,Subtropical Andes,2028,0.13885,0.044662,0.003085,0.186597,0.744116,0.239352,0.016532,0.857895
tas,Subtropical Andes,2029,0.13885,0.048495,0.004024,0.191369,0.725564,0.253409,0.021027,0.896272
tas,Subtropical Andes,2030,0.13885,0.052541,0.005178,0.19657,0.706367,0.26729,0.026343,0.934797
tas,Subtropical Andes,2031,0.13885,0.056809,0.006576,0.202235,0.686577,0.280906,0.032517,0.973462
tas,Subtropical Andes,2032,0.13885,0.061306,0.008248,0.208404,0.666256,0.294169,0.039575,1.012258
tas,Subtropical Andes,2033,0.13885,0.066039,0.010225,0.215114,0.645472,0.306993,0.047534,1.051175
tas,Subtropical Andes,2034,0.13885,0.071015,0.012544,0.222409,0.624303,0.319299,0.056399,1.090206
tas,Subtropical Andes,2035,0.13885,0.076242,0.015239,0.230331,0.602828,0.33101,0.066162,1.129341
tas,Subtropical Andes,2036,0.13885,0.081728,0.01835,0.238929,0.581136,0.342061,0.076803,1.168573
tas,Subtropical Andes,2037,0.13885,0.087481,0.021919,0.24825,0.559315,0.352392,0.088293,1.207893
tas,Subtropical Andes,2038,0.13885,0.093509,0.025987,0.258347,0.537456,0.361953,0.100591,1.247294
tas,Subtropical Andes,2039,0.13885,0.099821,0.030602,0.269273,0.515649,0.370705,0.113646,1.286767
tas,Subtropical Andes,2040,0.13885,0.106423,0.03581,0.281083,0.493983,0.378618,0.127399,1.326306
tas,Subtropical Andes,2041,0.13885,0.113326,0.041661,0.293837,0.472542,0.385675,0.141783,1.365902
tas,Subtropical Andes,2042,0.13885,0.120537,0.048209,0.307595,0.451405,0.391867,0.156727,1.405549
tas,Subtropical Andes,2043,0.13885,0.128064,0.055507,0.322421,0.430648,0.397195,0.172157,1.445239
tas,Subtropical Andes,2044,0.13885,0.135917,0.063614,0.338381,0.410337,0.401669,0.187994,1.484966
tas,Subtropical Andes,2045,0.13885,0.144105,0.072588,0.355543,0.39053,0.405309,0.204161,1.524723
tas,Subtropical Andes,2046,0.13885,0.152635,0.082492,0.373977,0.37128,0.40814,0.22058,1.564504
tas,Subtropical Andes,2047,0.13885,0.161517,0.09339,0.393756,0.35263,0.410194,0.237176,1.604301
tas,Subtropical Andes,2048,0.13885,0.170759,0.105348,0.414957,0.334614,0.411509,0.253877,1.644109
tas,Subtropical Andes,2049,0.13885,0.18037,0.118436,0.437656,0.317259,0.412127,0.270615,1.683922
tas,Subtropical Andes,2050,0.13885,0.190359,0.132726,0.461935,0.300584,0.41209,0.287326,1.723734
tas,Subtropical Andes,2051,0.13885,0.200734,0.14829,0.487874,0.284602,0.411446,0.303952,1.76354
tas,Subtropical Andes,2052,0.13885,0.211505,0.165206,0.515561,0.269319,0.410242,0.320439,1.803333
tas,Subtropical Andes,2053,0.13885,0.222679,0.183551,0.545081,0.254733,0.408525,0.336742,1.843109
tas,Subtropical Andes,2054,0.13885,0.234266,0.203407,0.576523,0.240841,0.406343,0.352817,1.882863
tas,Subtropical Andes,2055,0.13885,0.246274,0.224856,0.60998,0.227631,0.40374,0.368629,1.922588
tas,Subtropical Andes,2056,0.13885,0.258711,0.247985,0.645546,0.21509,0.400763,0.384147,1.962282
tas,Subtropical Andes,2057,0.13885,0.271586,0.272879,0.683315,0.203201,0.397454,0.399346,2.001939
tas,Subtropical Andes,2058,0.13885,0.284907,0.299629,0.723387,0.191945,0.393852,0.414203,2.041554
tas,Subtropical Andes,2059,0.13885,0.298683,0.328328,0.765861,0.181299,0.389997,0.428704,2.081124
tas,Subtropical Andes,2060,0.13885,0.312922,0.359067,0.81084,0.171243,0.385924,0.442834,2.120644
tas,Subtropical Andes,2061,0.13885,0.327632,0.391944,0.858426,0.16175,0.381665,0.456585,2.16011
tas,Subtropical Andes,2062,0.13885,0.34282,0.427057,0.908728,0.152796,0.377253,0.469951,2.199519
tas,Subtropical Andes,2063,0.13885,0.358496,0.464505,0.961851,0.144357,0.372715,0.482928,2.238867
tas,Subtropical Andes,2064,0.13885,0.374667,0.50439,1.017907,0.136408,0.368076,0.495516,2.278151
tas,Subtropical Andes,2065,0.13885,0.391341,0.546815,1.077006,0.128922,0.36336,0.507717,2.317367
tas,Subtropical Andes,2066,0.13885,0.408527,0.591885,1.139262,0.121877,0.358589,0.519534,2.356513
tas,Subtropical Andes,2067,0.13885,0.426231,0.639708,1.20479,0.115249,0.353781,0.530971,2.395586
tas,Subtropical Andes,2068,0.13885,0.444463,0.690392,1.273705,0.109013,0.348953,0.542034,2.434582
tas,Subtropical Andes,2069,0.13885,0.46323,0.744047,1.346127,0.103148,0.344121,0.552731,2.4735
tas,Subtropical Andes,2070,0.13885,0.48254,0.800783,1.422174,0.097632,0.339298,0.56307,2.512336
tas,Subtropical Andes,2071,0.13885,0.502403,0.860715,1.501968,0.092445,0.334496,0.573058,2.55109
tas,Subtropical Andes,2072,0.13885,0.522825,0.923956,1.585632,0.087568,0.329727,0.582705,2.589758
tas,Subtropical Andes,2073,0.13885,0.543817,0.990621,1.673289,0.08298,0.324999,0.592021,2.62834
tas,Subtropical Andes,2074,0.13885,0.565387,1.060827,1.765064,0.078666,0.320321,0.601013,2.666832
tas,Subtropical Andes,2075,0.13885,0.587544,1.134691,1.861084,0.074607,0.3157,0.609693,2.705235
tas,Subtropical Andes,2076,0.13885,0.610297,1.21233,1.961478,0.070789,0.311142,0.61807,2.743547
tas,Subtropical Andes,2077,0.13885,0.633658,1.293865,2.066373,0.067195,0.306652,0.626153,2.781766
tas,Subtropical Andes,2078,0.13885,0.657636,1.379414,2.1759,0.063813,0.302236,0.633951,2.819891
tas,Subtropical Andes,2079,0.13885,0.682242,1.469098,2.29019,0.060628,0.297898,0.641474,2.857922
tas,Subtropical Andes,2080,0.13885,0.707489,1.563038,2.409377,0.057629,0.29364,0.648731,2.895859
tas,Subtropical Andes,2081,0.13885,0.733388,1.661355,2.533593,0.054804,0.289466,0.655731,2.9337
tas,Subtropical Andes,2082,0.13885,0.759954,1.764169,2.662973,0.052141,0.285378,0.662481,2.971446
tas,Subtropical Andes,2083,0.13885,0.7872,1.871604,2.797654,0.049631,0.281379,0.668991,3.009096
tas,Subtropical Andes,2084,0.13885,0.815141,1.98378,2.937771,0.047264,0.277469,0.675267,3.04665
tas,Subtropical Andes,2085,0.13885,0.843795,2.100819,3.083464,0.045031,0.273652,0.681318,3.08411
tas,Subtropical Andes,2086,0.13885,0.873179,2.222841,3.234871,0.042923,0.269927,0.68715,3.121475
tas,Subtropical Andes,2087,0.13885,0.903312,2.349969,3.392131,0.040933,0.266296,0.692771,3.158745
tas,Subtropical Andes,2088,0.13885,0.934215,2.482322,3.555388,0.039053,0.26276,0.698186,3.195922
tas,Subtropical Andes,2089,0.13885,0.96591,2.620021,3.724782,0.037277,0.25932,0.703403,3.233007
tas,Subtropical Andes,2090,0.13885,0.998423,2.763185,3.900458,0.035598,0.255976,0.708426,3.270001
tas,Subtropical Andes,2091,0.13885,1.031778,2.911932,4.082561,0.034011,0.252728,0.713261,3.306904
tas,Subtropical Andes,2092,0.13885,1.066005,3.06638,4.271236,0.032508,0.249578,0.717914,3.34372
tas,Subtropical Andes,2093,0.13885,1.101135,3.226646,4.466631,0.031086,0.246525,0.722389,3.380448
tas,Subtropical Andes,2094,0.13885,1.137201,3.392844,4.668895,0.029739,0.24357,0.726691,3.417092
tas,Subtropical Andes,2095,0.13885,1.174241,3.565089,4.878179,0.028464,0.240713,0.730824,3.453652
tas,Subtropical Andes,2096,0.13885,1.212292,3.743493,5.094635,0.027254,0.237955,0.734791,3.490132
tas,Subtropical Andes,2097,0.13885,1.251399,3.928167,5.318416,0.026107,0.235295,0.738597,3.526534
tas,Subtropical Andes,2098,0.13885,1.291608,4.119221,5.549679,0.02502,0.232736,0.742245,3.56286
tas,Subtropical Andes,2099,0.13885,1.332968,4.316762,5.78858,0.023987,0.230275,0.745738,3.599113
tas,Subtropical Andes,2100,0.13885,1.375533,4.520896,6.03528,0.023006,0.227915,0.749078,3.635295
